periode_data,bulan,tanggal,stasiun,pm_sepuluh,pm_duakomalima,sulfur_dioksida,karbon_monoksida,ozon,nitrogen_dioksida,max,parameter_pencemar_kritis,kategori
202504,4,24,DKI5 Kebon Jeruk,16.0,50.0,18.0,3.0,16.0,4.0,50.0,PM25,BAIK
202504,4,25,DKI5 Kebon Jeruk,23.0,81.0,19.0,9.0,24.0,3.0,81.0,PM25,SEDANG
202504,4,26,DKI5 Kebon Jeruk,30.0,77.0,20.0,11.0,29.0,3.0,77.0,PM25,SEDANG
202504,4,27,DKI5 Kebon Jeruk,31.0,85.0,21.0,12.0,47.0,4.0,85.0,PM25,SEDANG
202504,4,28,DKI5 Kebon Jeruk,24.0,78.0,20.0,9.0,37.0,4.0,78.0,PM25,SEDANG
202504,4,29,DKI5 Kebon Jeruk,21.0,81.0,21.0,9.0,33.0,5.0,81.0,PM25,SEDANG
202504,4,30,DKI5 Kebon Jeruk,24.0,88.0,21.0,8.0,37.0,5.0,88.0,PM25,SEDANG
202505,5,1,DKI1 Bundaran Hotel Indonesia (HI),58.0,91.0,34.0,17.0,19.0,41.0,91.0,PM25,SEDANG
202505,5,2,DKI1 Bundaran Hotel Indonesia (HI),58.0,89.0,33.0,14.0,20.0,36.0,89.0,PM25,SEDANG
202505,5,3,DKI1 Bundaran Hotel Indonesia (HI),56.0,83.0,33.0,15.0,16.0,46.0,83.0,PM25,SEDANG
202505,5,4,DKI1 Bundaran Hotel Indonesia (HI),52.0,73.0,29.0,15.0,16.0,36.0,73.0,PM25,SEDANG
202505,5,5,DKI1 Bundaran Hotel Indonesia (HI),60.0,96.0,35.0,20.0,11.0,42.0,96.0,PM25,SEDANG
202505,5,6,DKI1 Bundaran Hotel Indonesia (HI),53.0,83.0,32.0,19.0,13.0,47.0,83.0,PM25,SEDANG
202505,5,7,DKI1 Bundaran Hotel Indonesia (HI),58.0,85.0,31.0,23.0,12.0,50.0,85.0,PM25,SEDANG
202505,5,8,DKI1 Bundaran Hotel Indonesia (HI),66.0,101.0,29.0,32.0,11.0,56.0,101.0,PM25,TIDAK SEHAT
202505,5,9,DKI1 Bundaran Hotel Indonesia (HI),54.0,80.0,29.0,18.0,16.0,40.0,80.0,PM25,SEDANG
202505,5,10,DKI1 Bundaran Hotel Indonesia (HI),56.0,88.0,33.0,18.0,23.0,39.0,88.0,PM25,SEDANG
202501,1,15,DKI5 Kebon Jeruk Jakarta Barat,15.0,49.0,13.0,6.0,20.0,4.0,49.0,PM25,BAIK
202501,1,16,DKI5 Kebon Jeruk Jakarta Barat,11.0,54.0,21.0,5.0,42.0,4.0,54.0,PM25,SEDANG
202501,1,17,DKI5 Kebon Jeruk Jakarta Barat,11.0,54.0,26.0,4.0,50.0,5.0,54.0,PM25,SEDANG
202501,1,18,DKI5 Kebon Jeruk Jakarta Barat,7.0,25.0,11.0,3.0,55.0,,55.0,O3,SEDANG
202501,1,19,DKI5 Kebon Jeruk Jakarta Barat,11.0,37.0,24.0,3.0,49.0,3.0,49.0,O3,BAIK
202501,1,20,DKI5 Kebon Jeruk Jakarta Barat,10.0,43.0,18.0,3.0,52.0,5.0,52.0,O3,SEDANG
202501,1,21,DKI5 Kebon Jeruk Jakarta Barat,15.0,54.0,3.0,12.0,38.0,13.0,54.0,PM25,SEDANG
202501,1,22,DKI5 Kebon Jeruk Jakarta Barat,15.0,53.0,16.0,10.0,26.0,14.0,53.0,PM25,SEDANG
202501,1,23,DKI5 Kebon Jeruk Jakarta Barat,16.0,66.0,28.0,7.0,28.0,15.0,66.0,PM25,SEDANG
202501,1,24,DKI5 Kebon Jeruk Jakarta Barat,17.0,74.0,25.0,13.0,25.0,13.0,74.0,PM25,SEDANG
202501,1,25,DKI5 Kebon Jeruk Jakarta Barat,16.0,64.0,22.0,10.0,24.0,9.0,64.0,PM25,SEDANG
202501,1,26,DKI5 Kebon Jeruk Jakarta Barat,17.0,62.0,34.0,8.0,21.0,9.0,62.0,PM25,SEDANG
202501,1,27,DKI5 Kebon Jeruk Jakarta Barat,10.0,54.0,24.0,3.0,13.0,8.0,54.0,PM25,SEDANG
202501,1,28,DKI5 Kebon Jeruk Jakarta Barat,8.0,32.0,22.0,3.0,20.0,7.0,32.0,PM25,BAIK
202501,1,29,DKI5 Kebon Jeruk Jakarta Barat,11.0,32.0,15.0,6.0,25.0,14.0,32.0,PM25,BAIK
202501,1,30,DKI5 Kebon Jeruk Jakarta Barat,8.0,24.0,13.0,4.0,28.0,8.0,28.0,O3,BAIK
202501,1,31,DKI5 Kebon Jeruk Jakarta Barat,10.0,51.0,14.0,7.0,26.0,13.0,51.0,PM25,SEDANG
202505,5,11,DKI1 Bundaran Hotel Indonesia (HI),61.0,87.0,30.0,22.0,19.0,37.0,87.0,PM25,SEDANG
202505,5,12,DKI1 Bundaran Hotel Indonesia (HI),38.0,59.0,29.0,14.0,11.0,24.0,59.0,PM25,SEDANG
202505,5,13,DKI1 Bundaran Hotel Indonesia (HI),36.0,62.0,31.0,12.0,15.0,23.0,62.0,PM25,SEDANG
202505,5,14,DKI1 Bundaran Hotel Indonesia (HI),47.0,71.0,31.0,16.0,21.0,41.0,71.0,PM25,SEDANG
202505,5,15,DKI1 Bundaran Hotel Indonesia (HI),52.0,73.0,33.0,19.0,18.0,46.0,73.0,PM25,SEDANG
202505,5,16,DKI1 Bundaran Hotel Indonesia (HI),51.0,77.0,27.0,19.0,,49.0,77.0,PM25,SEDANG
202505,5,17,DKI1 Bundaran Hotel Indonesia (HI),58.0,82.0,29.0,18.0,14.0,45.0,82.0,PM25,SEDANG
202505,5,18,DKI1 Bundaran Hotel Indonesia (HI),53.0,77.0,30.0,28.0,15.0,36.0,77.0,PM25,SEDANG
202505,5,19,DKI1 Bundaran Hotel Indonesia (HI),50.0,73.0,32.0,14.0,19.0,38.0,73.0,PM25,SEDANG
202505,5,20,DKI1 Bundaran Hotel Indonesia (HI),59.0,87.0,39.0,23.0,11.0,52.0,87.0,PM25,SEDANG
202505,5,21,DKI1 Bundaran Hotel Indonesia (HI),52.0,80.0,35.0,17.0,6.0,44.0,80.0,PM25,SEDANG
202505,5,22,DKI1 Bundaran Hotel Indonesia (HI),55.0,78.0,27.0,22.0,5.0,43.0,78.0,PM25,SEDANG
202504,4,12,DKI2 Kelapa Gading,64.0,84.0,33.0,24.0,16.0,14.0,84.0,PM25,SEDANG
202504,4,13,DKI2 Kelapa Gading,51.0,74.0,30.0,22.0,20.0,6.0,74.0,PM25,SEDANG
202504,4,14,DKI2 Kelapa Gading,30.0,32.0,29.0,14.0,12.0,12.0,32.0,PM25,BAIK
202504,4,15,DKI2 Kelapa Gading,48.0,62.0,34.0,16.0,12.0,10.0,62.0,PM25,SEDANG
202504,4,16,DKI2 Kelapa Gading,52.0,72.0,33.0,18.0,20.0,17.0,72.0,PM25,SEDANG
202504,4,17,DKI2 Kelapa Gading,53.0,72.0,31.0,21.0,17.0,8.0,72.0,PM25,SEDANG
202504,4,18,DKI2 Kelapa Gading,58.0,73.0,30.0,21.0,14.0,33.0,73.0,PM25,SEDANG
202504,4,19,DKI2 Kelapa Gading,56.0,73.0,32.0,19.0,17.0,42.0,73.0,PM25,SEDANG
202504,4,20,DKI2 Kelapa Gading,41.0,57.0,32.0,15.0,21.0,31.0,57.0,PM25,SEDANG
202504,4,21,DKI2 Kelapa Gading,44.0,61.0,32.0,15.0,14.0,33.0,61.0,PM25,SEDANG
202504,4,22,DKI2 Kelapa Gading,53.0,78.0,34.0,21.0,21.0,35.0,78.0,PM25,SEDANG
202504,4,23,DKI2 Kelapa Gading,62.0,81.0,34.0,25.0,13.0,47.0,81.0,PM25,SEDANG
202504,4,24,DKI2 Kelapa Gading,24.0,50.0,30.0,13.0,14.0,38.0,50.0,PM25,BAIK
202504,4,25,DKI2 Kelapa Gading,53.0,77.0,34.0,22.0,19.0,42.0,77.0,PM25,SEDANG
202504,4,26,DKI2 Kelapa Gading,53.0,77.0,35.0,18.0,20.0,33.0,77.0,PM25,SEDANG
202504,4,27,DKI2 Kelapa Gading,56.0,89.0,31.0,17.0,22.0,31.0,89.0,PM25,SEDANG
202504,4,28,DKI2 Kelapa Gading,,,31.0,16.0,19.0,34.0,34.0,NO2,BAIK
202504,4,29,DKI2 Kelapa Gading,57.0,83.0,34.0,17.0,20.0,7.0,83.0,PM25,SEDANG
202504,4,30,DKI2 Kelapa Gading,60.0,84.0,35.0,16.0,23.0,,84.0,PM25,SEDANG
202504,4,1,DKI3 Jagakarsa,19.0,50.0,17.0,7.0,12.0,18.0,50.0,PM25,BAIK
202504,4,2,DKI3 Jagakarsa,29.0,55.0,17.0,10.0,10.0,29.0,55.0,PM25,SEDANG
202504,4,3,DKI3 Jagakarsa,21.0,54.0,17.0,10.0,19.0,46.0,54.0,PM25,SEDANG
202504,4,4,DKI3 Jagakarsa,30.0,57.0,17.0,9.0,18.0,18.0,57.0,PM25,SEDANG
202504,4,5,DKI3 Jagakarsa,42.0,68.0,23.0,9.0,19.0,17.0,68.0,PM25,SEDANG
202504,4,6,DKI3 Jagakarsa,41.0,65.0,19.0,13.0,18.0,43.0,65.0,PM25,SEDANG
202504,4,7,DKI3 Jagakarsa,26.0,53.0,19.0,13.0,21.0,32.0,53.0,PM25,SEDANG
202504,4,8,DKI3 Jagakarsa,40.0,71.0,22.0,11.0,24.0,28.0,71.0,PM25,SEDANG
202504,4,9,DKI3 Jagakarsa,49.0,78.0,22.0,12.0,21.0,25.0,78.0,PM25,SEDANG
202504,4,10,DKI3 Jagakarsa,55.0,90.0,20.0,15.0,23.0,33.0,90.0,PM25,SEDANG
202504,4,11,DKI3 Jagakarsa,41.0,70.0,19.0,17.0,23.0,40.0,70.0,PM25,SEDANG
202504,4,12,DKI3 Jagakarsa,44.0,73.0,19.0,23.0,18.0,54.0,73.0,PM25,SEDANG
202504,4,13,DKI3 Jagakarsa,35.0,61.0,19.0,13.0,20.0,25.0,61.0,PM25,SEDANG
202504,4,14,DKI3 Jagakarsa,24.0,40.0,19.0,8.0,11.0,30.0,40.0,PM25,BAIK
202504,4,15,DKI3 Jagakarsa,35.0,61.0,24.0,9.0,15.0,25.0,61.0,PM25,SEDANG
202504,4,16,DKI3 Jagakarsa,51.0,72.0,22.0,19.0,23.0,57.0,72.0,PM25,SEDANG
202504,4,17,DKI3 Jagakarsa,,,,,,,0.0,,TIDAK ADA DATA
202504,4,18,DKI3 Jagakarsa,63.0,96.0,21.0,19.0,18.0,38.0,96.0,PM25,SEDANG
202504,4,19,DKI3 Jagakarsa,40.0,70.0,22.0,14.0,16.0,39.0,70.0,PM25,SEDANG
202504,4,20,DKI3 Jagakarsa,32.0,61.0,22.0,9.0,21.0,15.0,61.0,PM25,SEDANG
202504,4,21,DKI3 Jagakarsa,,57.0,27.0,8.0,13.0,33.0,57.0,PM25,SEDANG
202504,4,22,DKI3 Jagakarsa,62.0,95.0,24.0,16.0,15.0,52.0,95.0,PM25,SEDANG
202504,4,23,DKI3 Jagakarsa,59.0,84.0,23.0,18.0,11.0,74.0,84.0,PM25,SEDANG
202504,4,24,DKI3 Jagakarsa,38.0,53.0,22.0,6.0,14.0,27.0,53.0,PM25,SEDANG
202504,4,25,DKI3 Jagakarsa,40.0,60.0,22.0,13.0,14.0,58.0,60.0,PM25,SEDANG
202504,4,26,DKI3 Jagakarsa,47.0,75.0,28.0,13.0,22.0,43.0,75.0,PM25,SEDANG
202504,4,27,DKI3 Jagakarsa,44.0,70.0,24.0,14.0,25.0,38.0,70.0,PM25,SEDANG
202504,4,28,DKI3 Jagakarsa,35.0,66.0,25.0,10.0,27.0,22.0,66.0,PM25,SEDANG
202504,4,29,DKI3 Jagakarsa,43.0,70.0,26.0,11.0,27.0,22.0,70.0,PM25,SEDANG
202504,4,30,DKI3 Jagakarsa,47.0,79.0,27.0,10.0,29.0,20.0,79.0,PM25,SEDANG
202504,4,1,DKI4 Lubang Buaya,18.0,25.0,17.0,9.0,13.0,8.0,25.0,PM25,BAIK
202504,4,2,DKI4 Lubang Buaya,30.0,31.0,16.0,12.0,11.0,10.0,31.0,PM25,BAIK
202504,4,3,DKI4 Lubang Buaya,34.0,29.0,17.0,13.0,16.0,8.0,34.0,PM10,BAIK
202504,4,4,DKI4 Lubang Buaya,31.0,,,,,,31.0,PM10,BAIK
202504,4,5,DKI4 Lubang Buaya,51.0,47.0,21.0,9.0,26.0,13.0,51.0,PM10,SEDANG
202504,4,6,DKI4 Lubang Buaya,55.0,41.0,17.0,15.0,23.0,12.0,55.0,PM10,SEDANG
202504,4,7,DKI4 Lubang Buaya,42.0,37.0,18.0,15.0,24.0,16.0,42.0,PM10,BAIK
202504,4,8,DKI4 Lubang Buaya,51.0,45.0,20.0,11.0,26.0,15.0,51.0,PM10,SEDANG
202504,4,9,DKI4 Lubang Buaya,60.0,51.0,20.0,13.0,25.0,15.0,60.0,PM10,SEDANG
202504,4,10,DKI4 Lubang Buaya,64.0,53.0,19.0,13.0,26.0,15.0,64.0,PM10,SEDANG
202504,4,11,DKI4 Lubang Buaya,59.0,45.0,18.0,18.0,26.0,19.0,59.0,PM10,SEDANG
202504,4,12,DKI4 Lubang Buaya,65.0,40.0,19.0,20.0,26.0,30.0,65.0,PM10,SEDANG
202504,4,13,DKI4 Lubang Buaya,58.0,47.0,18.0,15.0,27.0,24.0,58.0,PM10,SEDANG
202504,4,14,DKI4 Lubang Buaya,28.0,22.0,17.0,9.0,13.0,11.0,28.0,PM10,BAIK
202504,4,15,DKI4 Lubang Buaya,51.0,41.0,20.0,10.0,17.0,17.0,51.0,PM10,SEDANG
202504,4,16,DKI4 Lubang Buaya,58.0,48.0,22.0,14.0,26.0,19.0,58.0,PM10,SEDANG
202504,4,17,DKI4 Lubang Buaya,54.0,34.0,19.0,12.0,28.0,24.0,54.0,PM10,SEDANG
202504,4,18,DKI4 Lubang Buaya,59.0,45.0,19.0,17.0,20.0,30.0,59.0,PM10,SEDANG
202504,4,19,DKI4 Lubang Buaya,53.0,49.0,18.0,13.0,23.0,17.0,53.0,PM10,SEDANG
202504,4,20,DKI4 Lubang Buaya,44.0,47.0,21.0,10.0,33.0,18.0,47.0,PM25,BAIK
202504,4,21,DKI4 Lubang Buaya,50.0,42.0,22.0,8.0,19.0,17.0,50.0,PM10,BAIK
202504,4,22,DKI4 Lubang Buaya,60.0,,21.0,17.0,24.0,20.0,60.0,PM10,SEDANG
202504,4,23,DKI4 Lubang Buaya,69.0,,19.0,21.0,17.0,16.0,69.0,PM10,SEDANG
202504,4,24,DKI4 Lubang Buaya,27.0,61.0,19.0,8.0,21.0,9.0,61.0,PM25,SEDANG
202504,4,25,DKI4 Lubang Buaya,59.0,93.0,19.0,18.0,31.0,14.0,93.0,PM25,SEDANG
202504,4,26,DKI4 Lubang Buaya,56.0,87.0,19.0,13.0,35.0,18.0,87.0,PM25,SEDANG
202504,4,27,DKI4 Lubang Buaya,61.0,90.0,20.0,12.0,33.0,17.0,90.0,PM25,SEDANG
202504,4,28,DKI4 Lubang Buaya,54.0,87.0,21.0,10.0,30.0,17.0,87.0,PM25,SEDANG
202504,4,29,DKI4 Lubang Buaya,61.0,97.0,22.0,11.0,32.0,21.0,97.0,PM25,SEDANG
202504,4,30,DKI4 Lubang Buaya,60.0,97.0,22.0,11.0,33.0,19.0,97.0,PM25,SEDANG
202504,4,1,DKI5 Kebon Jeruk,15.0,39.0,22.0,5.0,25.0,13.0,39.0,PM25,BAIK
202504,4,2,DKI5 Kebon Jeruk,11.0,40.0,,6.0,20.0,13.0,40.0,PM25,BAIK
202504,4,3,DKI5 Kebon Jeruk,22.0,45.0,,9.0,30.0,11.0,45.0,PM25,BAIK
202504,4,4,DKI5 Kebon Jeruk,33.0,54.0,,8.0,41.0,11.0,54.0,PM25,SEDANG
202504,4,5,DKI5 Kebon Jeruk,50.0,70.0,,12.0,30.0,11.0,70.0,PM25,SEDANG
202504,4,6,DKI5 Kebon Jeruk,55.0,74.0,,20.0,32.0,10.0,74.0,PM25,SEDANG
202504,4,7,DKI5 Kebon Jeruk,36.0,57.0,,13.0,34.0,12.0,57.0,PM25,SEDANG
202504,4,8,DKI5 Kebon Jeruk,55.0,84.0,,13.0,32.0,12.0,84.0,PM25,SEDANG
202504,4,9,DKI5 Kebon Jeruk,44.0,71.0,,8.0,37.0,12.0,71.0,PM25,SEDANG
202504,4,10,DKI5 Kebon Jeruk,57.0,94.0,25.0,17.0,46.0,11.0,94.0,PM25,SEDANG
202504,4,11,DKI5 Kebon Jeruk,54.0,94.0,25.0,15.0,50.0,13.0,94.0,PM25,SEDANG
202504,4,12,DKI5 Kebon Jeruk,54.0,92.0,26.0,19.0,41.0,13.0,92.0,PM25,SEDANG
202504,4,13,DKI5 Kebon Jeruk,52.0,85.0,26.0,13.0,48.0,12.0,85.0,PM25,SEDANG
202504,4,14,DKI5 Kebon Jeruk,24.0,34.0,25.0,5.0,29.0,11.0,34.0,PM25,BAIK
202504,4,15,DKI5 Kebon Jeruk,40.0,67.0,33.0,8.0,35.0,10.0,67.0,PM25,SEDANG
202504,4,16,DKI5 Kebon Jeruk,57.0,91.0,32.0,15.0,45.0,11.0,91.0,PM25,SEDANG
202504,4,17,DKI5 Kebon Jeruk,51.0,84.0,27.0,11.0,52.0,12.0,84.0,PM25,SEDANG
202504,4,18,DKI5 Kebon Jeruk,56.0,99.0,31.0,10.0,43.0,12.0,99.0,PM25,SEDANG
202504,4,19,DKI5 Kebon Jeruk,53.0,77.0,28.0,11.0,51.0,10.0,77.0,PM25,SEDANG
202504,4,20,DKI5 Kebon Jeruk,41.0,63.0,32.0,6.0,35.0,11.0,63.0,PM25,SEDANG
202504,4,21,DKI5 Kebon Jeruk,40.0,61.0,32.0,6.0,25.0,11.0,61.0,PM25,SEDANG
202504,4,22,DKI5 Kebon Jeruk,55.0,81.0,32.0,9.0,28.0,11.0,81.0,PM25,SEDANG
202504,4,23,DKI5 Kebon Jeruk,55.0,75.0,16.0,12.0,23.0,7.0,75.0,PM25,SEDANG
202501,1,1,DKI1 Bundaran Hotel Indonesia (HI),46.0,63.0,12.0,22.0,10.0,16.0,63.0,PM25,SEDANG
202501,1,2,DKI1 Bundaran Hotel Indonesia (HI),30.0,38.0,12.0,21.0,11.0,18.0,38.0,PM25,BAIK
202501,1,3,DKI1 Bundaran Hotel Indonesia (HI),43.0,57.0,14.0,23.0,11.0,24.0,57.0,PM25,SEDANG
202501,1,4,DKI1 Bundaran Hotel Indonesia (HI),37.0,61.0,15.0,22.0,9.0,17.0,61.0,PM25,SEDANG
202501,1,5,DKI1 Bundaran Hotel Indonesia (HI),26.0,56.0,10.0,20.0,8.0,11.0,56.0,PM25,SEDANG
202501,1,6,DKI1 Bundaran Hotel Indonesia (HI),47.0,58.0,14.0,28.0,9.0,21.0,58.0,PM25,SEDANG
202501,1,7,DKI1 Bundaran Hotel Indonesia (HI),33.0,46.0,13.0,24.0,7.0,19.0,46.0,PM25,BAIK
202501,1,8,DKI1 Bundaran Hotel Indonesia (HI),30.0,46.0,12.0,24.0,7.0,19.0,46.0,PM25,BAIK
202501,1,9,DKI1 Bundaran Hotel Indonesia (HI),20.0,26.0,9.0,23.0,7.0,19.0,26.0,PM25,BAIK
202501,1,10,DKI1 Bundaran Hotel Indonesia (HI),39.0,58.0,,19.0,12.0,25.0,58.0,PM25,SEDANG
202501,1,11,DKI1 Bundaran Hotel Indonesia (HI),41.0,56.0,,10.0,18.0,27.0,56.0,PM25,SEDANG
202501,1,12,DKI1 Bundaran Hotel Indonesia (HI),45.0,58.0,19.0,13.0,13.0,25.0,58.0,PM25,SEDANG
202501,1,13,DKI1 Bundaran Hotel Indonesia (HI),28.0,37.0,12.0,11.0,9.0,18.0,37.0,PM25,BAIK
202501,1,14,DKI1 Bundaran Hotel Indonesia (HI),32.0,54.0,51.0,15.0,6.0,13.0,54.0,PM25,SEDANG
202501,1,15,DKI1 Bundaran Hotel Indonesia (HI),34.0,51.0,62.0,15.0,8.0,23.0,62.0,SO2,SEDANG
202501,1,16,DKI1 Bundaran Hotel Indonesia (HI),40.0,57.0,62.0,15.0,6.0,25.0,62.0,SO2,SEDANG
202501,1,17,DKI1 Bundaran Hotel Indonesia (HI),33.0,55.0,,14.0,7.0,25.0,55.0,PM25,SEDANG
202501,1,18,DKI1 Bundaran Hotel Indonesia (HI),24.0,34.0,29.0,11.0,10.0,21.0,34.0,PM25,BAIK
202501,1,19,DKI1 Bundaran Hotel Indonesia (HI),29.0,50.0,34.0,12.0,10.0,20.0,50.0,PM25,BAIK
202501,1,20,DKI1 Bundaran Hotel Indonesia (HI),25.0,39.0,30.0,10.0,11.0,22.0,39.0,PM25,BAIK
202501,1,21,DKI1 Bundaran Hotel Indonesia (HI),32.0,52.0,23.0,19.0,7.0,31.0,52.0,PM25,SEDANG
202501,1,22,DKI1 Bundaran Hotel Indonesia (HI),31.0,51.0,28.0,17.0,7.0,29.0,51.0,PM25,SEDANG
202501,1,23,DKI1 Bundaran Hotel Indonesia (HI),38.0,59.0,26.0,16.0,11.0,33.0,59.0,PM25,SEDANG
202501,1,24,DKI1 Bundaran Hotel Indonesia (HI),52.0,73.0,25.0,22.0,10.0,38.0,73.0,PM25,SEDANG
202501,1,25,DKI1 Bundaran Hotel Indonesia (HI),39.0,55.0,24.0,19.0,8.0,24.0,55.0,PM25,SEDANG
202501,1,26,DKI1 Bundaran Hotel Indonesia (HI),42.0,59.0,32.0,16.0,7.0,28.0,59.0,PM25,SEDANG
202501,1,27,DKI1 Bundaran Hotel Indonesia (HI),35.0,50.0,26.0,10.0,7.0,19.0,50.0,PM25,BAIK
202501,1,28,DKI1 Bundaran Hotel Indonesia (HI),31.0,36.0,23.0,9.0,6.0,17.0,36.0,PM25,BAIK
202501,1,29,DKI1 Bundaran Hotel Indonesia (HI),25.0,32.0,19.0,10.0,8.0,25.0,32.0,PM25,BAIK
202501,1,30,DKI1 Bundaran Hotel Indonesia (HI),25.0,30.0,18.0,9.0,17.0,21.0,30.0,PM25,BAIK
202501,1,31,DKI1 Bundaran Hotel Indonesia (HI),37.0,51.0,21.0,12.0,16.0,31.0,51.0,PM25,SEDANG
202501,1,1,DKI2 Kelapa Gading,48.0,60.0,25.0,13.0,12.0,13.0,60.0,PM25,SEDANG
202501,1,2,DKI2 Kelapa Gading,29.0,38.0,23.0,11.0,12.0,12.0,38.0,PM25,BAIK
202501,1,3,DKI2 Kelapa Gading,51.0,60.0,26.0,13.0,12.0,16.0,60.0,PM25,SEDANG
202501,1,4,DKI2 Kelapa Gading,37.0,48.0,24.0,10.0,11.0,14.0,48.0,PM25,BAIK
202501,1,5,DKI2 Kelapa Gading,29.0,51.0,22.0,11.0,10.0,16.0,51.0,PM25,SEDANG
202501,1,6,DKI2 Kelapa Gading,56.0,71.0,25.0,18.0,11.0,36.0,71.0,PM25,SEDANG
202501,1,7,DKI2 Kelapa Gading,32.0,37.0,24.0,12.0,11.0,17.0,37.0,PM25,BAIK
202501,1,8,DKI2 Kelapa Gading,29.0,36.0,24.0,11.0,10.0,19.0,36.0,PM25,BAIK
202501,1,9,DKI2 Kelapa Gading,22.0,23.0,21.0,11.0,12.0,17.0,23.0,PM25,BAIK
202501,1,10,DKI2 Kelapa Gading,47.0,56.0,23.0,16.0,14.0,15.0,56.0,PM25,SEDANG
202501,1,11,DKI2 Kelapa Gading,39.0,55.0,22.0,11.0,19.0,8.0,55.0,PM25,SEDANG
202501,1,12,DKI2 Kelapa Gading,44.0,55.0,24.0,11.0,14.0,10.0,55.0,PM25,SEDANG
202501,1,13,DKI2 Kelapa Gading,26.0,33.0,22.0,11.0,12.0,12.0,33.0,PM25,BAIK
202501,1,14,DKI2 Kelapa Gading,28.0,32.0,23.0,11.0,10.0,15.0,32.0,PM25,BAIK
202501,1,15,DKI2 Kelapa Gading,30.0,43.0,24.0,13.0,11.0,26.0,43.0,PM25,BAIK
202501,1,16,DKI2 Kelapa Gading,36.0,48.0,25.0,10.0,10.0,17.0,48.0,PM25,BAIK
202501,1,17,DKI2 Kelapa Gading,32.0,47.0,25.0,9.0,11.0,12.0,47.0,PM25,BAIK
202501,1,18,DKI2 Kelapa Gading,24.0,35.0,21.0,10.0,12.0,13.0,35.0,PM25,BAIK
202501,1,19,DKI2 Kelapa Gading,33.0,39.0,24.0,10.0,11.0,17.0,39.0,PM25,BAIK
202501,1,20,DKI2 Kelapa Gading,26.0,37.0,26.0,10.0,12.0,12.0,37.0,PM25,BAIK
202501,1,21,DKI2 Kelapa Gading,39.0,53.0,21.0,17.0,9.0,23.0,53.0,PM25,SEDANG
202501,1,22,DKI2 Kelapa Gading,36.0,52.0,24.0,14.0,9.0,22.0,52.0,PM25,SEDANG
202501,1,23,DKI2 Kelapa Gading,35.0,46.0,21.0,8.0,13.0,11.0,46.0,PM25,BAIK
202501,1,24,DKI2 Kelapa Gading,52.0,68.0,26.0,14.0,11.0,20.0,68.0,PM25,SEDANG
202501,1,25,DKI2 Kelapa Gading,47.0,57.0,24.0,15.0,11.0,35.0,57.0,PM25,SEDANG
202501,1,26,DKI2 Kelapa Gading,47.0,57.0,24.0,12.0,10.0,19.0,57.0,PM25,SEDANG
202501,1,27,DKI2 Kelapa Gading,29.0,49.0,22.0,7.0,9.0,14.0,49.0,PM25,BAIK
202501,1,28,DKI2 Kelapa Gading,33.0,36.0,22.0,7.0,9.0,13.0,36.0,PM25,BAIK
202501,1,29,DKI2 Kelapa Gading,27.0,30.0,21.0,8.0,12.0,12.0,30.0,PM25,BAIK
202501,1,30,DKI2 Kelapa Gading,,26.0,20.0,6.0,20.0,11.0,26.0,PM25,BAIK
202501,1,31,DKI2 Kelapa Gading,51.0,41.0,20.0,8.0,16.0,10.0,51.0,PM10,SEDANG
202501,1,1,DKI3 Jagakarsa,49.0,73.0,,8.0,10.0,27.0,73.0,PM25,SEDANG
202501,1,2,DKI3 Jagakarsa,28.0,60.0,,6.0,11.0,22.0,60.0,PM25,SEDANG
202501,1,3,DKI3 Jagakarsa,38.0,69.0,,8.0,13.0,35.0,69.0,PM25,SEDANG
202501,1,4,DKI3 Jagakarsa,34.0,62.0,13.0,5.0,10.0,23.0,62.0,PM25,SEDANG
202501,1,5,DKI3 Jagakarsa,41.0,68.0,13.0,7.0,9.0,35.0,68.0,PM25,SEDANG
202501,1,6,DKI3 Jagakarsa,51.0,79.0,16.0,13.0,13.0,46.0,79.0,PM25,SEDANG
202501,1,7,DKI3 Jagakarsa,51.0,71.0,13.0,8.0,10.0,38.0,71.0,PM25,SEDANG
202501,1,8,DKI3 Jagakarsa,31.0,54.0,13.0,5.0,12.0,19.0,54.0,PM25,SEDANG
202501,1,9,DKI3 Jagakarsa,20.0,51.0,14.0,8.0,13.0,26.0,51.0,PM25,SEDANG
202501,1,10,DKI3 Jagakarsa,53.0,77.0,19.0,15.0,16.0,43.0,77.0,PM25,SEDANG
202501,1,11,DKI3 Jagakarsa,29.0,63.0,11.0,8.0,23.0,9.0,63.0,PM25,SEDANG
202501,1,12,DKI3 Jagakarsa,37.0,64.0,9.0,8.0,13.0,11.0,64.0,PM25,SEDANG
202501,1,13,DKI3 Jagakarsa,36.0,59.0,8.0,8.0,10.0,18.0,59.0,PM25,SEDANG
202501,1,14,DKI3 Jagakarsa,28.0,52.0,14.0,6.0,10.0,10.0,52.0,PM25,SEDANG
202501,1,15,DKI3 Jagakarsa,35.0,56.0,11.0,9.0,10.0,33.0,56.0,PM25,SEDANG
202501,1,16,DKI3 Jagakarsa,34.0,60.0,11.0,6.0,10.0,19.0,60.0,PM25,SEDANG
202501,1,17,DKI3 Jagakarsa,33.0,59.0,14.0,7.0,11.0,16.0,59.0,PM25,SEDANG
202501,1,18,DKI3 Jagakarsa,21.0,40.0,12.0,7.0,11.0,9.0,40.0,PM25,BAIK
202501,1,19,DKI3 Jagakarsa,19.0,40.0,12.0,6.0,11.0,17.0,40.0,PM25,BAIK
202501,1,20,DKI3 Jagakarsa,23.0,41.0,13.0,7.0,12.0,12.0,41.0,PM25,BAIK
202501,1,21,DKI3 Jagakarsa,40.0,58.0,13.0,14.0,11.0,56.0,58.0,PM25,SEDANG
202501,1,22,DKI3 Jagakarsa,33.0,51.0,14.0,13.0,8.0,48.0,51.0,PM25,SEDANG
202501,1,23,DKI3 Jagakarsa,57.0,90.0,23.0,20.0,13.0,81.0,90.0,PM25,SEDANG
202501,1,24,DKI3 Jagakarsa,51.0,75.0,22.0,14.0,11.0,59.0,75.0,PM25,SEDANG
202501,1,25,DKI3 Jagakarsa,31.0,57.0,20.0,11.0,9.0,51.0,57.0,PM25,SEDANG
202501,1,26,DKI3 Jagakarsa,42.0,63.0,23.0,14.0,8.0,63.0,63.0,PM25,SEDANG
202501,1,27,DKI3 Jagakarsa,26.0,54.0,20.0,6.0,9.0,18.0,54.0,PM25,SEDANG
202501,1,28,DKI3 Jagakarsa,23.0,46.0,23.0,5.0,9.0,,46.0,PM25,BAIK
202501,1,29,DKI3 Jagakarsa,25.0,40.0,24.0,10.0,9.0,27.0,40.0,PM25,BAIK
202501,1,30,DKI3 Jagakarsa,23.0,38.0,22.0,8.0,17.0,,38.0,PM25,BAIK
202501,1,31,DKI3 Jagakarsa,32.0,55.0,23.0,10.0,18.0,16.0,55.0,PM25,SEDANG
202501,1,1,DKI4 Lubang Buaya,46.0,30.0,23.0,9.0,19.0,9.0,46.0,PM10,BAIK
202501,1,2,DKI4 Lubang Buaya,31.0,23.0,23.0,8.0,20.0,11.0,31.0,PM10,BAIK
202501,1,3,DKI4 Lubang Buaya,55.0,51.0,23.0,12.0,19.0,13.0,55.0,PM10,SEDANG
202501,1,4,DKI4 Lubang Buaya,45.0,27.0,24.0,7.0,17.0,11.0,45.0,PM10,BAIK
202501,1,5,DKI4 Lubang Buaya,35.0,28.0,23.0,9.0,12.0,8.0,35.0,PM10,BAIK
202501,1,6,DKI4 Lubang Buaya,55.0,43.0,22.0,18.0,21.0,11.0,55.0,PM10,SEDANG
202501,1,7,DKI4 Lubang Buaya,37.0,25.0,10.0,12.0,14.0,8.0,37.0,PM10,BAIK
202501,1,8,DKI4 Lubang Buaya,27.0,21.0,10.0,8.0,15.0,9.0,27.0,PM10,BAIK
202501,1,9,DKI4 Lubang Buaya,26.0,16.0,10.0,10.0,14.0,13.0,26.0,PM10,BAIK
202501,1,10,DKI4 Lubang Buaya,50.0,33.0,12.0,19.0,22.0,17.0,50.0,PM10,BAIK
202501,1,11,DKI4 Lubang Buaya,45.0,23.0,12.0,10.0,30.0,17.0,45.0,PM10,BAIK
202501,1,12,DKI4 Lubang Buaya,48.0,21.0,11.0,11.0,19.0,11.0,48.0,PM10,BAIK
202501,1,13,DKI4 Lubang Buaya,30.0,22.0,11.0,10.0,12.0,12.0,30.0,PM10,BAIK
202501,1,14,DKI4 Lubang Buaya,26.0,14.0,13.0,8.0,14.0,11.0,26.0,PM10,BAIK
202501,1,15,DKI4 Lubang Buaya,32.0,23.0,12.0,10.0,14.0,9.0,32.0,PM10,BAIK
202501,1,16,DKI4 Lubang Buaya,34.0,23.0,13.0,8.0,16.0,10.0,34.0,PM10,BAIK
202501,1,17,DKI4 Lubang Buaya,33.0,20.0,14.0,8.0,15.0,11.0,33.0,PM10,BAIK
202501,1,18,DKI4 Lubang Buaya,22.0,14.0,11.0,8.0,15.0,9.0,22.0,PM10,BAIK
202501,1,19,DKI4 Lubang Buaya,27.0,16.0,12.0,8.0,17.0,9.0,27.0,PM10,BAIK
202501,1,20,DKI4 Lubang Buaya,27.0,16.0,12.0,10.0,18.0,9.0,27.0,PM10,BAIK
202501,1,21,DKI4 Lubang Buaya,39.0,22.0,12.0,14.0,15.0,11.0,39.0,PM10,BAIK
202501,1,22,DKI4 Lubang Buaya,31.0,14.0,12.0,16.0,11.0,10.0,31.0,PM10,BAIK
202501,1,23,DKI4 Lubang Buaya,52.0,35.0,15.0,18.0,18.0,14.0,52.0,PM10,SEDANG
202501,1,24,DKI4 Lubang Buaya,54.0,30.0,12.0,13.0,17.0,12.0,54.0,PM10,SEDANG
202501,1,25,DKI4 Lubang Buaya,46.0,33.0,14.0,15.0,15.0,11.0,46.0,PM10,BAIK
202501,1,26,DKI4 Lubang Buaya,49.0,27.0,13.0,17.0,12.0,9.0,49.0,PM10,BAIK
202501,1,27,DKI4 Lubang Buaya,26.0,20.0,12.0,7.0,14.0,8.0,26.0,PM10,BAIK
202501,1,28,DKI4 Lubang Buaya,27.0,18.0,13.0,6.0,12.0,7.0,27.0,PM10,BAIK
202501,1,29,DKI4 Lubang Buaya,27.0,12.0,11.0,10.0,13.0,10.0,27.0,PM10,BAIK
202501,1,30,DKI4 Lubang Buaya,50.0,52.0,12.0,9.0,22.0,10.0,52.0,PM25,SEDANG
202501,1,31,DKI4 Lubang Buaya,33.0,14.0,12.0,9.0,26.0,13.0,33.0,PM10,BAIK
202501,1,1,DKI5 Kebon Jeruk Jakarta Barat,,48.0,12.0,6.0,26.0,7.0,48.0,PM25,BAIK
202501,1,2,DKI5 Kebon Jeruk Jakarta Barat,,26.0,13.0,4.0,28.0,4.0,28.0,O3,BAIK
202501,1,3,DKI5 Kebon Jeruk Jakarta Barat,,46.0,22.0,8.0,26.0,8.0,46.0,PM25,BAIK
202501,1,4,DKI5 Kebon Jeruk Jakarta Barat,,33.0,25.0,4.0,28.0,8.0,33.0,PM25,BAIK
202501,1,5,DKI5 Kebon Jeruk Jakarta Barat,,26.0,4.0,4.0,16.0,,26.0,PM25,BAIK
202501,1,6,DKI5 Kebon Jeruk Jakarta Barat,,46.0,15.0,8.0,17.0,,46.0,PM25,BAIK
202501,1,7,DKI5 Kebon Jeruk Jakarta Barat,9.0,43.0,21.0,4.0,20.0,4.0,43.0,PM25,BAIK
202501,1,8,DKI5 Kebon Jeruk Jakarta Barat,10.0,35.0,12.0,4.0,22.0,5.0,35.0,PM25,BAIK
202501,1,9,DKI5 Kebon Jeruk Jakarta Barat,14.0,29.0,3.0,6.0,31.0,7.0,31.0,O3,BAIK
202501,1,10,DKI5 Kebon Jeruk Jakarta Barat,20.0,74.0,12.0,13.0,29.0,15.0,74.0,PM25,SEDANG
202501,1,11,DKI5 Kebon Jeruk Jakarta Barat,19.0,60.0,10.0,6.0,36.0,10.0,60.0,PM25,SEDANG
202501,1,12,DKI5 Kebon Jeruk Jakarta Barat,14.0,56.0,14.0,5.0,25.0,9.0,56.0,PM25,SEDANG
202501,1,13,DKI5 Kebon Jeruk Jakarta Barat,10.0,35.0,8.0,5.0,21.0,5.0,35.0,PM25,BAIK
202501,1,14,DKI5 Kebon Jeruk Jakarta Barat,12.0,33.0,17.0,5.0,24.0,6.0,33.0,PM25,BAIK
202502,2,1,DKI1 Bundaran Hotel Indonesia (HI),41.0,51.0,19.0,10.0,14.0,27.0,51.0,PM25,SEDANG
202502,2,2,DKI1 Bundaran Hotel Indonesia (HI),41.0,47.0,18.0,9.0,15.0,20.0,47.0,PM25,BAIK
202502,2,3,DKI1 Bundaran Hotel Indonesia (HI),38.0,45.0,19.0,9.0,16.0,24.0,45.0,PM25,BAIK
202502,2,4,DKI1 Bundaran Hotel Indonesia (HI),54.0,73.0,26.0,17.0,11.0,40.0,73.0,PM25,SEDANG
202502,2,5,DKI1 Bundaran Hotel Indonesia (HI),40.0,47.0,27.0,13.0,10.0,26.0,47.0,PM25,BAIK
202502,2,6,DKI1 Bundaran Hotel Indonesia (HI),41.0,53.0,37.0,14.0,11.0,31.0,53.0,PM25,SEDANG
202502,2,7,DKI1 Bundaran Hotel Indonesia (HI),35.0,50.0,30.0,13.0,11.0,29.0,50.0,PM25,BAIK
202502,2,8,DKI1 Bundaran Hotel Indonesia (HI),33.0,48.0,31.0,12.0,10.0,34.0,48.0,PM25,BAIK
202502,2,9,DKI1 Bundaran Hotel Indonesia (HI),38.0,52.0,33.0,12.0,11.0,25.0,52.0,PM25,SEDANG
202502,2,10,DKI1 Bundaran Hotel Indonesia (HI),31.0,38.0,29.0,11.0,13.0,26.0,38.0,PM25,BAIK
202502,2,11,DKI1 Bundaran Hotel Indonesia (HI),36.0,51.0,29.0,13.0,12.0,35.0,51.0,PM25,SEDANG
202502,2,12,DKI1 Bundaran Hotel Indonesia (HI),54.0,74.0,37.0,16.0,16.0,43.0,74.0,PM25,SEDANG
202502,2,13,DKI1 Bundaran Hotel Indonesia (HI),56.0,74.0,35.0,18.0,9.0,39.0,74.0,PM25,SEDANG
202502,2,14,DKI1 Bundaran Hotel Indonesia (HI),44.0,68.0,35.0,13.0,9.0,30.0,68.0,PM25,SEDANG
202502,2,15,DKI1 Bundaran Hotel Indonesia (HI),34.0,54.0,33.0,12.0,7.0,19.0,54.0,PM25,SEDANG
202502,2,16,DKI1 Bundaran Hotel Indonesia (HI),42.0,67.0,36.0,18.0,10.0,26.0,67.0,PM25,SEDANG
202502,2,17,DKI1 Bundaran Hotel Indonesia (HI),44.0,,33.0,16.0,6.0,,44.0,PM10,BAIK
202502,2,18,DKI1 Bundaran Hotel Indonesia (HI),48.0,,,,,,48.0,PM10,BAIK
202502,2,19,DKI1 Bundaran Hotel Indonesia (HI),53.0,73.0,32.0,28.0,6.0,26.0,73.0,PM25,SEDANG
202502,2,20,DKI1 Bundaran Hotel Indonesia (HI),42.0,50.0,31.0,11.0,10.0,22.0,50.0,PM25,BAIK
202502,2,21,DKI1 Bundaran Hotel Indonesia (HI),51.0,72.0,40.0,20.0,9.0,30.0,72.0,PM25,SEDANG
202502,2,22,DKI1 Bundaran Hotel Indonesia (HI),50.0,63.0,33.0,22.0,9.0,31.0,63.0,PM25,SEDANG
202502,2,23,DKI1 Bundaran Hotel Indonesia (HI),56.0,70.0,48.0,21.0,8.0,30.0,70.0,PM25,SEDANG
202502,2,24,DKI1 Bundaran Hotel Indonesia (HI),42.0,55.0,28.0,15.0,14.0,28.0,55.0,PM25,SEDANG
202502,2,25,DKI1 Bundaran Hotel Indonesia (HI),47.0,66.0,38.0,19.0,5.0,31.0,66.0,PM25,SEDANG
202502,2,26,DKI1 Bundaran Hotel Indonesia (HI),45.0,57.0,30.0,17.0,7.0,30.0,57.0,PM25,SEDANG
202502,2,27,DKI1 Bundaran Hotel Indonesia (HI),54.0,85.0,36.0,26.0,12.0,50.0,85.0,PM25,SEDANG
202502,2,28,DKI1 Bundaran Hotel Indonesia (HI),44.0,57.0,33.0,13.0,10.0,23.0,57.0,PM25,SEDANG
202502,2,1,DKI2 Kelapa Gading,51.0,33.0,20.0,6.0,17.0,7.0,51.0,PM10,SEDANG
202502,2,2,DKI2 Kelapa Gading,38.0,35.0,20.0,5.0,19.0,9.0,38.0,PM10,BAIK
202502,2,3,DKI2 Kelapa Gading,39.0,37.0,20.0,5.0,21.0,10.0,39.0,PM10,BAIK
202502,2,4,DKI2 Kelapa Gading,52.0,61.0,21.0,7.0,16.0,10.0,61.0,PM25,SEDANG
202502,2,5,DKI2 Kelapa Gading,42.0,42.0,23.0,7.0,11.0,14.0,42.0,PM10,BAIK
202502,2,6,DKI2 Kelapa Gading,40.0,51.0,21.0,4.0,14.0,11.0,51.0,PM25,SEDANG
202502,2,7,DKI2 Kelapa Gading,35.0,44.0,21.0,6.0,15.0,15.0,44.0,PM25,BAIK
202502,2,8,DKI2 Kelapa Gading,42.0,50.0,21.0,6.0,14.0,9.0,50.0,PM25,BAIK
202502,2,9,DKI2 Kelapa Gading,34.0,33.0,22.0,4.0,15.0,9.0,34.0,PM10,BAIK
202502,2,10,DKI2 Kelapa Gading,36.0,35.0,21.0,3.0,15.0,10.0,36.0,PM10,BAIK
202502,2,11,DKI2 Kelapa Gading,34.0,37.0,22.0,4.0,15.0,11.0,37.0,PM25,BAIK
202502,2,12,DKI2 Kelapa Gading,53.0,71.0,30.0,5.0,19.0,7.0,71.0,PM25,SEDANG
202502,2,13,DKI2 Kelapa Gading,65.0,79.0,31.0,4.0,20.0,13.0,79.0,PM25,SEDANG
202502,2,14,DKI2 Kelapa Gading,56.0,70.0,31.0,2.0,17.0,11.0,70.0,PM25,SEDANG
202502,2,15,DKI2 Kelapa Gading,37.0,51.0,29.0,,9.0,17.0,51.0,PM25,SEDANG
202502,2,16,DKI2 Kelapa Gading,,,,,,,0.0,,TIDAK ADA DATA
202502,2,17,DKI2 Kelapa Gading,39.0,56.0,29.0,,8.0,21.0,56.0,,SEDANG
202502,2,18,DKI2 Kelapa Gading,49.0,69.0,31.0,29.0,7.0,50.0,69.0,,SEDANG
202502,2,19,DKI2 Kelapa Gading,,67.0,31.0,29.0,8.0,29.0,67.0,PM25,SEDANG
202503,3,5,DKI4 Lubang Buaya,55.0,38.0,18.0,10.0,24.0,15.0,55.0,PM10,SEDANG
202503,3,17,DKI2 Kelapa Gading,36.0,49.0,29.0,14.0,10.0,15.0,49.0,PM25,BAIK
202503,3,18,DKI2 Kelapa Gading,25.0,29.0,28.0,15.0,12.0,12.0,29.0,PM25,BAIK
202503,3,19,DKI2 Kelapa Gading,32.0,52.0,29.0,15.0,13.0,9.0,52.0,PM25,SEDANG
202503,3,20,DKI2 Kelapa Gading,37.0,53.0,29.0,13.0,16.0,8.0,53.0,PM25,SEDANG
202503,3,21,DKI2 Kelapa Gading,37.0,50.0,28.0,13.0,17.0,8.0,50.0,PM25,BAIK
202503,3,22,DKI2 Kelapa Gading,39.0,53.0,28.0,14.0,18.0,9.0,53.0,PM25,SEDANG
202503,3,23,DKI2 Kelapa Gading,46.0,56.0,28.0,21.0,13.0,15.0,56.0,PM25,SEDANG
202503,3,24,DKI2 Kelapa Gading,39.0,47.0,28.0,15.0,15.0,9.0,47.0,PM25,BAIK
202503,3,25,DKI2 Kelapa Gading,35.0,39.0,28.0,16.0,11.0,13.0,39.0,PM25,BAIK
202503,3,26,DKI2 Kelapa Gading,51.0,61.0,28.0,20.0,13.0,16.0,61.0,PM25,SEDANG
202503,3,27,DKI2 Kelapa Gading,54.0,60.0,28.0,16.0,15.0,12.0,60.0,PM25,SEDANG
202503,3,28,DKI2 Kelapa Gading,37.0,49.0,28.0,16.0,12.0,13.0,49.0,PM25,BAIK
202503,3,29,DKI2 Kelapa Gading,20.0,21.0,28.0,12.0,12.0,12.0,28.0,SO2,BAIK
202503,3,30,DKI2 Kelapa Gading,26.0,30.0,28.0,13.0,12.0,13.0,30.0,PM25,BAIK
202503,3,31,DKI2 Kelapa Gading,22.0,25.0,28.0,12.0,12.0,12.0,28.0,SO2,BAIK
202503,3,1,DKI3 Jagakarsa,26.0,58.0,58.0,11.0,20.0,24.0,58.0,PM25,SEDANG
202503,3,2,DKI3 Jagakarsa,57.0,94.0,59.0,18.0,26.0,26.0,94.0,PM25,SEDANG
202503,3,3,DKI3 Jagakarsa,24.0,53.0,59.0,10.0,24.0,14.0,59.0,SO2,SEDANG
202503,3,4,DKI3 Jagakarsa,19.0,46.0,,,,,46.0,PM25,BAIK
202503,3,5,DKI3 Jagakarsa,39.0,65.0,60.0,13.0,22.0,37.0,65.0,PM25,SEDANG
202503,3,6,DKI3 Jagakarsa,59.0,99.0,60.0,19.0,23.0,59.0,99.0,PM25,SEDANG
202503,3,7,DKI3 Jagakarsa,29.0,52.0,58.0,7.0,16.0,10.0,58.0,SO2,SEDANG
202503,3,8,DKI3 Jagakarsa,42.0,72.0,60.0,9.0,17.0,25.0,72.0,PM25,SEDANG
202503,3,9,DKI3 Jagakarsa,35.0,58.0,,,,,58.0,PM25,SEDANG
202503,3,10,DKI3 Jagakarsa,42.0,67.0,,,,,67.0,PM25,SEDANG
202503,3,11,DKI3 Jagakarsa,59.0,87.0,,,,,87.0,PM25,SEDANG
202503,3,12,DKI3 Jagakarsa,40.0,64.0,59.0,16.0,22.0,46.0,64.0,PM25,SEDANG
202503,3,13,DKI3 Jagakarsa,50.0,86.0,63.0,12.0,22.0,35.0,86.0,PM25,SEDANG
202503,3,14,DKI3 Jagakarsa,40.0,63.0,58.0,11.0,12.0,32.0,63.0,PM25,SEDANG
202503,3,15,DKI3 Jagakarsa,42.0,65.0,59.0,6.0,8.0,20.0,65.0,PM25,SEDANG
202503,3,16,DKI3 Jagakarsa,32.0,53.0,58.0,8.0,8.0,,58.0,SO2,SEDANG
202503,3,17,DKI3 Jagakarsa,39.0,70.0,57.0,11.0,7.0,37.0,70.0,PM25,SEDANG
202503,3,18,DKI3 Jagakarsa,20.0,40.0,55.0,7.0,13.0,21.0,55.0,SO2,SEDANG
202503,3,19,DKI3 Jagakarsa,23.0,39.0,17.0,6.0,17.0,15.0,39.0,PM25,BAIK
202503,3,20,DKI3 Jagakarsa,35.0,56.0,26.0,7.0,15.0,35.0,56.0,PM25,SEDANG
202503,3,21,DKI3 Jagakarsa,42.0,66.0,21.0,11.0,15.0,38.0,66.0,PM25,SEDANG
202503,3,22,DKI3 Jagakarsa,56.0,87.0,19.0,11.0,13.0,27.0,87.0,PM25,SEDANG
202503,3,23,DKI3 Jagakarsa,52.0,73.0,20.0,12.0,11.0,36.0,73.0,PM25,SEDANG
202503,3,24,DKI3 Jagakarsa,43.0,65.0,21.0,12.0,15.0,24.0,65.0,PM25,SEDANG
202503,3,25,DKI3 Jagakarsa,39.0,62.0,19.0,18.0,10.0,56.0,62.0,PM25,SEDANG
202503,3,26,DKI3 Jagakarsa,56.0,84.0,21.0,16.0,15.0,34.0,84.0,PM25,SEDANG
202503,3,27,DKI3 Jagakarsa,56.0,92.0,21.0,25.0,11.0,93.0,93.0,,SEDANG
202503,3,28,DKI3 Jagakarsa,33.0,53.0,19.0,13.0,8.0,29.0,53.0,PM25,SEDANG
202503,3,29,DKI3 Jagakarsa,17.0,26.0,18.0,4.0,10.0,9.0,26.0,PM25,BAIK
202503,3,30,DKI3 Jagakarsa,31.0,28.0,18.0,8.0,8.0,36.0,36.0,,BAIK
202503,3,31,DKI3 Jagakarsa,24.0,30.0,7.0,12.0,11.0,14.0,30.0,PM25,BAIK
202503,3,1,DKI4 Lubang Buaya,48.0,25.0,16.0,11.0,32.0,18.0,48.0,PM10,BAIK
202503,3,2,DKI4 Lubang Buaya,54.0,,16.0,14.0,32.0,20.0,54.0,PM10,SEDANG
202503,3,3,DKI4 Lubang Buaya,37.0,32.0,15.0,10.0,30.0,16.0,37.0,PM10,BAIK
202503,3,4,DKI4 Lubang Buaya,26.0,25.0,15.0,8.0,19.0,19.0,26.0,PM10,BAIK
202502,2,20,DKI2 Kelapa Gading,26.0,41.0,29.0,13.0,11.0,15.0,41.0,PM25,BAIK
202502,2,21,DKI2 Kelapa Gading,,63.0,32.0,17.0,15.0,8.0,63.0,PM25,SEDANG
202502,2,22,DKI2 Kelapa Gading,,56.0,32.0,19.0,12.0,15.0,56.0,PM25,SEDANG
202502,2,23,DKI2 Kelapa Gading,,63.0,32.0,19.0,10.0,15.0,63.0,PM25,SEDANG
202502,2,24,DKI2 Kelapa Gading,,43.0,30.0,15.0,19.0,8.0,43.0,PM25,BAIK
202502,2,25,DKI2 Kelapa Gading,31.0,51.0,40.0,16.0,17.0,21.0,51.0,PM25,SEDANG
202502,2,26,DKI2 Kelapa Gading,54.0,61.0,35.0,19.0,9.0,18.0,61.0,PM25,SEDANG
202502,2,27,DKI2 Kelapa Gading,64.0,83.0,31.0,22.0,11.0,24.0,83.0,PM25,SEDANG
202502,2,28,DKI2 Kelapa Gading,41.0,59.0,28.0,20.0,11.0,10.0,59.0,PM25,SEDANG
202502,2,1,DKI3 Jagakarsa,33.0,57.0,25.0,9.0,19.0,14.0,57.0,PM25,SEDANG
202502,2,2,DKI3 Jagakarsa,41.0,68.0,24.0,13.0,17.0,21.0,68.0,PM25,SEDANG
202502,2,3,DKI3 Jagakarsa,41.0,64.0,27.0,13.0,17.0,21.0,64.0,PM25,SEDANG
202502,2,4,DKI3 Jagakarsa,54.0,84.0,35.0,15.0,16.0,45.0,84.0,PM25,SEDANG
202502,2,5,DKI3 Jagakarsa,31.0,44.0,33.0,5.0,14.0,9.0,44.0,PM25,BAIK
202502,2,6,DKI3 Jagakarsa,25.0,50.0,36.0,6.0,15.0,7.0,50.0,PM25,BAIK
202502,2,7,DKI3 Jagakarsa,31.0,58.0,37.0,12.0,18.0,40.0,58.0,PM25,SEDANG
202502,2,8,DKI3 Jagakarsa,35.0,56.0,41.0,10.0,16.0,18.0,56.0,PM25,SEDANG
202502,2,9,DKI3 Jagakarsa,45.0,60.0,44.0,12.0,15.0,25.0,60.0,PM25,SEDANG
202502,2,10,DKI3 Jagakarsa,49.0,69.0,44.0,13.0,16.0,27.0,69.0,PM25,SEDANG
202502,2,11,DKI3 Jagakarsa,46.0,66.0,44.0,12.0,19.0,21.0,66.0,PM25,SEDANG
202502,2,12,DKI3 Jagakarsa,57.0,85.0,48.0,14.0,19.0,28.0,85.0,PM25,SEDANG
202502,2,13,DKI3 Jagakarsa,53.0,78.0,50.0,12.0,14.0,39.0,78.0,PM25,SEDANG
202502,2,14,DKI3 Jagakarsa,47.0,71.0,51.0,9.0,12.0,42.0,71.0,PM25,SEDANG
202502,2,15,DKI3 Jagakarsa,35.0,60.0,49.0,7.0,10.0,25.0,60.0,PM25,SEDANG
202502,2,16,DKI3 Jagakarsa,61.0,92.0,,,,,92.0,PM25,SEDANG
202502,2,17,DKI3 Jagakarsa,53.0,75.0,52.0,13.0,7.0,52.0,75.0,PM25,SEDANG
202502,2,18,DKI3 Jagakarsa,45.0,68.0,,,,,68.0,PM25,SEDANG
202502,2,19,DKI3 Jagakarsa,59.0,82.0,,,,,82.0,PM25,SEDANG
202502,2,20,DKI3 Jagakarsa,32.0,56.0,50.0,9.0,11.0,28.0,56.0,PM25,SEDANG
202502,2,21,DKI3 Jagakarsa,45.0,64.0,55.0,9.0,14.0,20.0,64.0,PM25,SEDANG
202502,2,22,DKI3 Jagakarsa,40.0,70.0,54.0,8.0,9.0,20.0,70.0,PM25,SEDANG
202502,2,23,DKI3 Jagakarsa,46.0,67.0,59.0,12.0,12.0,42.0,67.0,PM25,SEDANG
202502,2,24,DKI3 Jagakarsa,45.0,70.0,52.0,18.0,19.0,40.0,70.0,PM25,SEDANG
202502,2,25,DKI3 Jagakarsa,41.0,67.0,53.0,14.0,11.0,47.0,67.0,PM25,SEDANG
202502,2,26,DKI3 Jagakarsa,46.0,65.0,57.0,11.0,11.0,51.0,65.0,PM25,SEDANG
202502,2,27,DKI3 Jagakarsa,63.0,94.0,57.0,20.0,16.0,45.0,94.0,PM25,SEDANG
202502,2,28,DKI3 Jagakarsa,34.0,61.0,61.0,11.0,25.0,20.0,61.0,PM25,SEDANG
202502,2,1,DKI4 Lubang Buaya,39.0,15.0,12.0,9.0,24.0,13.0,39.0,PM10,BAIK
202502,2,2,DKI4 Lubang Buaya,41.0,14.0,12.0,10.0,23.0,12.0,41.0,PM10,BAIK
202502,2,3,DKI4 Lubang Buaya,52.0,21.0,13.0,13.0,24.0,14.0,52.0,PM10,SEDANG
202502,2,4,DKI4 Lubang Buaya,52.0,30.0,14.0,16.0,22.0,20.0,52.0,PM10,SEDANG
202502,2,5,DKI4 Lubang Buaya,35.0,14.0,13.0,9.0,16.0,14.0,35.0,PM10,BAIK
202502,2,6,DKI4 Lubang Buaya,31.0,16.0,13.0,8.0,19.0,14.0,31.0,PM10,BAIK
202502,2,7,DKI4 Lubang Buaya,40.0,19.0,13.0,12.0,21.0,20.0,40.0,PM10,BAIK
202502,2,8,DKI4 Lubang Buaya,44.0,23.0,13.0,11.0,20.0,19.0,44.0,PM10,BAIK
202502,2,9,DKI4 Lubang Buaya,,19.0,14.0,15.0,19.0,17.0,19.0,PM25,BAIK
202502,2,10,DKI4 Lubang Buaya,34.0,18.0,,,,,34.0,PM10,BAIK
202502,2,11,DKI4 Lubang Buaya,42.0,22.0,13.0,12.0,23.0,19.0,42.0,PM10,BAIK
202502,2,12,DKI4 Lubang Buaya,58.0,32.0,14.0,17.0,21.0,23.0,58.0,PM10,SEDANG
202502,2,13,DKI4 Lubang Buaya,72.0,52.0,15.0,14.0,19.0,15.0,72.0,PM10,SEDANG
202502,2,14,DKI4 Lubang Buaya,56.0,39.0,16.0,11.0,19.0,23.0,56.0,PM10,SEDANG
202502,2,15,DKI4 Lubang Buaya,43.0,23.0,14.0,9.0,12.0,8.0,43.0,PM10,BAIK
202502,2,16,DKI4 Lubang Buaya,,,,,,,0.0,,TIDAK ADA DATA
202502,2,17,DKI4 Lubang Buaya,,,,,,,0.0,,TIDAK ADA DATA
202502,2,18,DKI4 Lubang Buaya,54.0,35.0,15.0,18.0,15.0,21.0,54.0,PM10,SEDANG
202502,2,19,DKI4 Lubang Buaya,77.0,60.0,14.0,24.0,14.0,12.0,77.0,PM10,SEDANG
202502,2,20,DKI4 Lubang Buaya,33.0,35.0,15.0,11.0,20.0,14.0,35.0,PM25,BAIK
202502,2,21,DKI4 Lubang Buaya,46.0,39.0,17.0,10.0,23.0,18.0,46.0,PM10,BAIK
202502,2,22,DKI4 Lubang Buaya,37.0,33.0,16.0,10.0,18.0,12.0,37.0,PM10,BAIK
202502,2,23,DKI4 Lubang Buaya,42.0,36.0,17.0,15.0,17.0,15.0,42.0,PM10,BAIK
202502,2,24,DKI4 Lubang Buaya,36.0,43.0,15.0,15.0,32.0,22.0,43.0,PM25,BAIK
202502,2,25,DKI4 Lubang Buaya,44.0,50.0,15.0,18.0,8.0,10.0,50.0,PM25,BAIK
202502,2,26,DKI4 Lubang Buaya,49.0,30.0,15.0,14.0,17.0,21.0,49.0,PM10,BAIK
202502,2,27,DKI4 Lubang Buaya,82.0,55.0,15.0,23.0,24.0,23.0,82.0,PM10,SEDANG
202502,2,28,DKI4 Lubang Buaya,49.0,36.0,16.0,14.0,28.0,20.0,49.0,PM10,BAIK
202502,2,1,DKI5 Kebon Jeruk Jakarta Barat,12.0,50.0,15.0,5.0,31.0,12.0,50.0,PM25,BAIK
202502,2,2,DKI5 Kebon Jeruk Jakarta Barat,13.0,41.0,13.0,5.0,44.0,8.0,44.0,O3,BAIK
202502,2,3,DKI5 Kebon Jeruk Jakarta Barat,11.0,50.0,13.0,5.0,46.0,10.0,50.0,PM25,BAIK
202502,2,4,DKI5 Kebon Jeruk Jakarta Barat,19.0,83.0,22.0,10.0,33.0,13.0,83.0,PM25,SEDANG
202502,2,5,DKI5 Kebon Jeruk Jakarta Barat,19.0,40.0,24.0,5.0,27.0,10.0,40.0,PM25,BAIK
202502,2,6,DKI5 Kebon Jeruk Jakarta Barat,15.0,51.0,22.0,6.0,28.0,10.0,51.0,PM25,SEDANG
202502,2,7,DKI5 Kebon Jeruk Jakarta Barat,11.0,36.0,14.0,7.0,34.0,9.0,36.0,PM25,BAIK
202502,2,8,DKI5 Kebon Jeruk Jakarta Barat,24.0,41.0,17.0,7.0,29.0,13.0,41.0,PM25,BAIK
202502,2,9,DKI5 Kebon Jeruk Jakarta Barat,12.0,41.0,19.0,6.0,30.0,10.0,41.0,PM25,BAIK
202502,2,10,DKI5 Kebon Jeruk Jakarta Barat,51.0,50.0,15.0,7.0,33.0,10.0,51.0,PM10,SEDANG
202502,2,11,DKI5 Kebon Jeruk Jakarta Barat,52.0,47.0,15.0,7.0,38.0,9.0,52.0,PM10,SEDANG
202502,2,12,DKI5 Kebon Jeruk Jakarta Barat,18.0,78.0,26.0,9.0,34.0,13.0,78.0,PM25,SEDANG
202502,2,13,DKI5 Kebon Jeruk Jakarta Barat,19.0,77.0,25.0,10.0,28.0,10.0,77.0,PM25,SEDANG
202502,2,14,DKI5 Kebon Jeruk Jakarta Barat,11.0,59.0,23.0,5.0,14.0,5.0,59.0,PM25,SEDANG
202502,2,15,DKI5 Kebon Jeruk Jakarta Barat,10.0,53.0,21.0,4.0,17.0,5.0,53.0,PM25,SEDANG
202502,2,16,DKI5 Kebon Jeruk Jakarta Barat,17.0,64.0,27.0,7.0,21.0,7.0,64.0,PM25,SEDANG
202502,2,17,DKI5 Kebon Jeruk Jakarta Barat,14.0,59.0,24.0,11.0,24.0,5.0,59.0,PM25,SEDANG
202502,2,18,DKI5 Kebon Jeruk Jakarta Barat,14.0,69.0,30.0,15.0,21.0,7.0,69.0,PM25,SEDANG
202502,2,19,DKI5 Kebon Jeruk Jakarta Barat,24.0,92.0,24.0,18.0,23.0,6.0,92.0,PM25,SEDANG
202502,2,20,DKI5 Kebon Jeruk Jakarta Barat,16.0,51.0,31.0,8.0,20.0,6.0,51.0,PM25,SEDANG
202502,2,21,DKI5 Kebon Jeruk Jakarta Barat,14.0,,,,,,14.0,PM10,BAIK
202502,2,22,DKI5 Kebon Jeruk Jakarta Barat,17.0,59.0,48.0,7.0,15.0,5.0,59.0,PM25,SEDANG
202502,2,23,DKI5 Kebon Jeruk Jakarta Barat,35.0,78.0,42.0,13.0,16.0,5.0,78.0,PM25,SEDANG
202502,2,24,DKI5 Kebon Jeruk Jakarta Barat,14.0,66.0,18.0,11.0,35.0,5.0,66.0,PM25,SEDANG
202502,2,25,DKI5 Kebon Jeruk Jakarta Barat,18.0,75.0,28.0,13.0,25.0,4.0,75.0,PM25,SEDANG
202502,2,26,DKI5 Kebon Jeruk Jakarta Barat,16.0,60.0,29.0,10.0,24.0,6.0,60.0,PM25,SEDANG
202502,2,27,DKI5 Kebon Jeruk Jakarta Barat,29.0,111.0,24.0,21.0,34.0,8.0,111.0,PM25,TIDAK SEHAT
202502,2,28,DKI5 Kebon Jeruk Jakarta Barat,20.0,71.0,24.0,9.0,31.0,6.0,71.0,PM25,SEDANG
202503,3,6,DKI4 Lubang Buaya,59.0,55.0,16.0,16.0,32.0,16.0,59.0,PM10,SEDANG
202503,3,7,DKI4 Lubang Buaya,32.0,25.0,15.0,7.0,22.0,12.0,32.0,PM10,BAIK
202503,3,8,DKI4 Lubang Buaya,52.0,54.0,18.0,11.0,28.0,18.0,54.0,PM25,SEDANG
202503,3,9,DKI4 Lubang Buaya,53.0,44.0,16.0,15.0,21.0,18.0,53.0,PM10,SEDANG
202503,3,10,DKI4 Lubang Buaya,48.0,40.0,,,,,48.0,PM10,BAIK
202503,3,11,DKI4 Lubang Buaya,,68.0,,,,,68.0,PM25,SEDANG
202503,3,12,DKI4 Lubang Buaya,46.0,50.0,20.0,9.0,29.0,19.0,50.0,PM25,BAIK
202503,3,13,DKI4 Lubang Buaya,54.0,55.0,21.0,11.0,25.0,22.0,55.0,PM25,SEDANG
202503,3,14,DKI4 Lubang Buaya,52.0,43.0,17.0,9.0,18.0,12.0,52.0,PM10,SEDANG
202503,3,15,DKI4 Lubang Buaya,29.0,31.0,16.0,6.0,11.0,6.0,31.0,PM25,BAIK
202503,3,16,DKI4 Lubang Buaya,28.0,26.0,16.0,8.0,10.0,7.0,28.0,PM10,BAIK
202503,3,17,DKI4 Lubang Buaya,,,,,,,0.0,,TIDAK ADA DATA
202503,3,18,DKI4 Lubang Buaya,26.0,20.0,16.0,8.0,19.0,15.0,26.0,PM10,BAIK
202503,3,19,DKI4 Lubang Buaya,24.0,24.0,16.0,8.0,22.0,16.0,24.0,PM10,BAIK
202503,3,20,DKI4 Lubang Buaya,38.0,36.0,21.0,9.0,25.0,18.0,38.0,PM10,BAIK
202503,3,21,DKI4 Lubang Buaya,36.0,31.0,17.0,11.0,23.0,18.0,36.0,PM10,BAIK
202503,3,22,DKI4 Lubang Buaya,47.0,51.0,18.0,13.0,27.0,21.0,51.0,PM25,SEDANG
202503,3,23,DKI4 Lubang Buaya,42.0,37.0,18.0,12.0,17.0,16.0,42.0,PM10,BAIK
202503,3,24,DKI4 Lubang Buaya,41.0,36.0,17.0,12.0,20.0,16.0,41.0,PM10,BAIK
202503,3,25,DKI4 Lubang Buaya,37.0,33.0,16.0,18.0,14.0,12.0,37.0,PM10,BAIK
202503,3,26,DKI4 Lubang Buaya,53.0,44.0,17.0,19.0,20.0,16.0,53.0,PM10,SEDANG
202503,3,27,DKI4 Lubang Buaya,71.0,54.0,17.0,20.0,18.0,15.0,71.0,PM10,SEDANG
202503,3,28,DKI4 Lubang Buaya,45.0,33.0,17.0,13.0,14.0,15.0,45.0,PM10,BAIK
202503,3,29,DKI4 Lubang Buaya,18.0,19.0,16.0,6.0,13.0,8.0,19.0,PM25,BAIK
202503,3,30,DKI4 Lubang Buaya,26.0,28.0,16.0,9.0,12.0,8.0,28.0,PM25,BAIK
202503,3,31,DKI4 Lubang Buaya,23.0,24.0,17.0,7.0,14.0,5.0,24.0,PM25,BAIK
202503,3,1,DKI5 Kebon Jeruk,10.0,59.0,17.0,9.0,28.0,6.0,59.0,PM25,SEDANG
202503,3,2,DKI5 Kebon Jeruk,25.0,92.0,21.0,11.0,39.0,5.0,92.0,PM25,SEDANG
202503,3,3,DKI5 Kebon Jeruk,12.0,54.0,16.0,7.0,42.0,4.0,54.0,PM25,SEDANG
202503,3,4,DKI5 Kebon Jeruk,,52.0,21.0,6.0,38.0,6.0,52.0,PM25,SEDANG
202503,3,5,DKI5 Kebon Jeruk,18.0,63.0,25.0,10.0,36.0,6.0,63.0,PM25,SEDANG
202503,3,6,DKI5 Kebon Jeruk,30.0,90.0,25.0,11.0,39.0,4.0,90.0,PM25,SEDANG
202503,3,7,DKI5 Kebon Jeruk,15.0,28.0,17.0,2.0,24.0,2.0,28.0,PM25,BAIK
202503,3,8,DKI5 Kebon Jeruk,12.0,61.0,19.0,4.0,29.0,2.0,61.0,PM25,SEDANG
202503,3,9,DKI5 Kebon Jeruk,27.0,75.0,20.0,12.0,30.0,4.0,75.0,PM25,SEDANG
202503,3,10,DKI5 Kebon Jeruk,10.0,77.0,16.0,15.0,29.0,4.0,77.0,PM25,SEDANG
202503,3,11,DKI5 Kebon Jeruk,9.0,100.0,23.0,19.0,27.0,5.0,100.0,PM25,SEDANG
202503,3,12,DKI5 Kebon Jeruk,5.0,54.0,47.0,3.0,28.0,4.0,54.0,PM25,SEDANG
202503,3,13,DKI5 Kebon Jeruk,8.0,73.0,53.0,4.0,35.0,4.0,73.0,PM25,SEDANG
202503,3,14,DKI5 Kebon Jeruk,,58.0,22.0,4.0,23.0,2.0,58.0,PM25,SEDANG
202503,3,15,DKI5 Kebon Jeruk,21.0,25.0,17.0,2.0,19.0,1.0,25.0,PM25,BAIK
202503,3,16,DKI5 Kebon Jeruk,27.0,47.0,16.0,4.0,13.0,1.0,47.0,PM25,BAIK
202503,3,17,DKI5 Kebon Jeruk,20.0,63.0,30.0,8.0,16.0,2.0,63.0,PM25,SEDANG
202503,3,18,DKI5 Kebon Jeruk,16.0,21.0,16.0,4.0,28.0,11.0,28.0,O3,BAIK
202503,3,19,DKI5 Kebon Jeruk,27.0,38.0,19.0,6.0,24.0,11.0,38.0,PM25,BAIK
202503,3,20,DKI5 Kebon Jeruk,27.0,55.0,37.0,5.0,34.0,11.0,55.0,PM25,SEDANG
202503,3,21,DKI5 Kebon Jeruk,23.0,58.0,19.0,6.0,27.0,12.0,58.0,PM25,SEDANG
202503,3,22,DKI5 Kebon Jeruk,22.0,72.0,28.0,8.0,38.0,12.0,72.0,PM25,SEDANG
202503,3,23,DKI5 Kebon Jeruk,39.0,64.0,27.0,12.0,38.0,10.0,64.0,PM25,SEDANG
202503,3,24,DKI5 Kebon Jeruk,24.0,60.0,25.0,7.0,34.0,11.0,60.0,PM25,SEDANG
202503,3,25,DKI5 Kebon Jeruk,33.0,59.0,24.0,7.0,29.0,11.0,59.0,PM25,SEDANG
202503,3,26,DKI5 Kebon Jeruk,25.0,77.0,19.0,10.0,44.0,11.0,77.0,PM25,SEDANG
202503,3,27,DKI5 Kebon Jeruk,23.0,73.0,21.0,12.0,39.0,10.0,73.0,PM25,SEDANG
202503,3,28,DKI5 Kebon Jeruk,16.0,52.0,17.0,7.0,32.0,11.0,52.0,PM25,SEDANG
202503,3,29,DKI5 Kebon Jeruk,10.0,20.0,19.0,3.0,24.0,10.0,24.0,O3,BAIK
202503,3,30,DKI5 Kebon Jeruk,12.0,52.0,26.0,5.0,21.0,12.0,52.0,PM25,SEDANG
202503,3,31,DKI5 Kebon Jeruk,13.0,37.0,35.0,3.0,23.0,13.0,37.0,PM25,BAIK
202504,4,1,DKI1 Bundaran Hotel Indonesia (HI),24.0,35.0,32.0,8.0,8.0,12.0,35.0,PM25,BAIK
202504,4,2,DKI1 Bundaran Hotel Indonesia (HI),22.0,40.0,31.0,9.0,9.0,14.0,40.0,PM25,BAIK
202504,4,3,DKI1 Bundaran Hotel Indonesia (HI),24.0,54.0,30.0,14.0,10.0,17.0,54.0,PM25,SEDANG
202504,4,4,DKI1 Bundaran Hotel Indonesia (HI),29.0,,27.0,9.0,18.0,21.0,29.0,PM10,BAIK
202504,4,5,DKI1 Bundaran Hotel Indonesia (HI),46.0,69.0,32.0,15.0,14.0,26.0,69.0,PM25,SEDANG
202504,4,6,DKI1 Bundaran Hotel Indonesia (HI),50.0,71.0,27.0,20.0,14.0,25.0,71.0,PM25,SEDANG
202504,4,7,DKI1 Bundaran Hotel Indonesia (HI),34.0,59.0,31.0,14.0,17.0,29.0,59.0,PM25,SEDANG
202504,4,8,DKI1 Bundaran Hotel Indonesia (HI),49.0,71.0,34.0,14.0,13.0,39.0,71.0,PM25,SEDANG
202504,4,9,DKI1 Bundaran Hotel Indonesia (HI),48.0,71.0,28.0,13.0,10.0,37.0,71.0,PM25,SEDANG
202504,4,10,DKI1 Bundaran Hotel Indonesia (HI),55.0,83.0,31.0,19.0,10.0,35.0,83.0,PM25,SEDANG
202504,4,11,DKI1 Bundaran Hotel Indonesia (HI),54.0,82.0,31.0,21.0,19.0,49.0,82.0,PM25,SEDANG
202504,4,12,DKI1 Bundaran Hotel Indonesia (HI),57.0,79.0,32.0,18.0,11.0,42.0,79.0,PM25,SEDANG
202504,4,13,DKI1 Bundaran Hotel Indonesia (HI),45.0,72.0,29.0,18.0,16.0,33.0,72.0,PM25,SEDANG
202504,4,14,DKI1 Bundaran Hotel Indonesia (HI),29.0,34.0,30.0,7.0,8.0,14.0,34.0,PM25,BAIK
202504,4,15,DKI1 Bundaran Hotel Indonesia (HI),39.0,60.0,39.0,14.0,8.0,28.0,60.0,PM25,SEDANG
202504,4,16,DKI1 Bundaran Hotel Indonesia (HI),53.0,80.0,40.0,20.0,17.0,41.0,80.0,PM25,SEDANG
202504,4,17,DKI1 Bundaran Hotel Indonesia (HI),52.0,73.0,31.0,17.0,11.0,37.0,73.0,PM25,SEDANG
202504,4,18,DKI1 Bundaran Hotel Indonesia (HI),58.0,79.0,32.0,16.0,9.0,35.0,79.0,PM25,SEDANG
202504,4,19,DKI1 Bundaran Hotel Indonesia (HI),43.0,65.0,31.0,14.0,11.0,28.0,65.0,PM25,SEDANG
202504,4,20,DKI1 Bundaran Hotel Indonesia (HI),42.0,64.0,38.0,12.0,19.0,26.0,64.0,PM25,SEDANG
202504,4,21,DKI1 Bundaran Hotel Indonesia (HI),42.0,62.0,37.0,11.0,10.0,25.0,62.0,PM25,SEDANG
202504,4,22,DKI1 Bundaran Hotel Indonesia (HI),42.0,70.0,37.0,16.0,14.0,32.0,70.0,PM25,SEDANG
202504,4,23,DKI1 Bundaran Hotel Indonesia (HI),53.0,70.0,35.0,23.0,8.0,34.0,70.0,PM25,SEDANG
202504,4,24,DKI1 Bundaran Hotel Indonesia (HI),25.0,43.0,33.0,9.0,12.0,17.0,43.0,PM25,BAIK
202504,4,25,DKI1 Bundaran Hotel Indonesia (HI),34.0,60.0,32.0,16.0,14.0,31.0,60.0,PM25,SEDANG
202504,4,26,DKI1 Bundaran Hotel Indonesia (HI),47.0,72.0,31.0,16.0,16.0,39.0,72.0,PM25,SEDANG
202504,4,27,DKI1 Bundaran Hotel Indonesia (HI),52.0,77.0,30.0,14.0,15.0,37.0,77.0,PM25,SEDANG
202504,4,28,DKI1 Bundaran Hotel Indonesia (HI),45.0,69.0,32.0,14.0,13.0,35.0,69.0,PM25,SEDANG
202504,4,29,DKI1 Bundaran Hotel Indonesia (HI),51.0,78.0,32.0,16.0,14.0,40.0,78.0,PM25,SEDANG
202504,4,30,DKI1 Bundaran Hotel Indonesia (HI),54.0,83.0,35.0,15.0,15.0,40.0,83.0,PM25,SEDANG
202504,4,1,DKI2 Kelapa Gading,20.0,24.0,29.0,13.0,10.0,13.0,29.0,SO2,BAIK
202504,4,2,DKI2 Kelapa Gading,25.0,28.0,28.0,16.0,11.0,12.0,28.0,PM25,BAIK
202504,4,3,DKI2 Kelapa Gading,27.0,44.0,29.0,16.0,13.0,17.0,44.0,PM25,BAIK
202504,4,4,DKI2 Kelapa Gading,30.0,45.0,28.0,13.0,19.0,9.0,45.0,PM25,BAIK
202504,4,5,DKI2 Kelapa Gading,49.0,65.0,31.0,17.0,16.0,9.0,65.0,PM25,SEDANG
202504,4,6,DKI2 Kelapa Gading,47.0,63.0,29.0,21.0,16.0,16.0,63.0,PM25,SEDANG
202504,4,7,DKI2 Kelapa Gading,42.0,57.0,29.0,21.0,17.0,12.0,57.0,PM25,SEDANG
202504,4,8,DKI2 Kelapa Gading,50.0,62.0,31.0,15.0,19.0,9.0,62.0,PM25,SEDANG
202504,4,9,DKI2 Kelapa Gading,56.0,77.0,31.0,15.0,18.0,8.0,77.0,PM25,SEDANG
202504,4,10,DKI2 Kelapa Gading,61.0,84.0,31.0,16.0,19.0,12.0,84.0,PM25,SEDANG
202504,4,11,DKI2 Kelapa Gading,59.0,85.0,32.0,23.0,21.0,10.0,85.0,PM25,SEDANG
202503,3,1,DKI1 Bundaran Hotel Indonesia (HI),36.0,59.0,29.0,16.0,11.0,33.0,59.0,PM25,SEDANG
202503,3,2,DKI1 Bundaran Hotel Indonesia (HI),51.0,69.0,28.0,14.0,18.0,28.0,69.0,PM25,SEDANG
202503,3,3,DKI1 Bundaran Hotel Indonesia (HI),35.0,55.0,27.0,14.0,15.0,30.0,55.0,PM25,SEDANG
202503,3,4,DKI1 Bundaran Hotel Indonesia (HI),29.0,53.0,28.0,13.0,16.0,31.0,53.0,PM25,SEDANG
202503,3,5,DKI1 Bundaran Hotel Indonesia (HI),43.0,61.0,32.0,15.0,10.0,37.0,61.0,PM25,SEDANG
202503,3,6,DKI1 Bundaran Hotel Indonesia (HI),54.0,81.0,32.0,20.0,16.0,42.0,81.0,PM25,SEDANG
202503,3,7,DKI1 Bundaran Hotel Indonesia (HI),25.0,34.0,28.0,8.0,14.0,15.0,34.0,PM25,BAIK
202503,3,8,DKI1 Bundaran Hotel Indonesia (HI),44.0,72.0,31.0,15.0,18.0,27.0,72.0,PM25,SEDANG
202503,3,9,DKI1 Bundaran Hotel Indonesia (HI),47.0,70.0,29.0,15.0,17.0,34.0,70.0,PM25,SEDANG
202503,3,10,DKI1 Bundaran Hotel Indonesia (HI),43.0,64.0,27.0,17.0,11.0,34.0,64.0,PM25,SEDANG
202503,3,11,DKI1 Bundaran Hotel Indonesia (HI),56.0,,,,,,56.0,PM10,SEDANG
202503,3,12,DKI1 Bundaran Hotel Indonesia (HI),39.0,62.0,42.0,15.0,13.0,37.0,62.0,PM25,SEDANG
202503,3,13,DKI1 Bundaran Hotel Indonesia (HI),49.0,71.0,37.0,15.0,12.0,38.0,71.0,PM25,SEDANG
202503,3,14,DKI1 Bundaran Hotel Indonesia (HI),43.0,59.0,31.0,12.0,10.0,23.0,59.0,PM25,SEDANG
202503,3,15,DKI1 Bundaran Hotel Indonesia (HI),27.0,47.0,29.0,10.0,9.0,14.0,47.0,PM25,BAIK
202503,3,16,DKI1 Bundaran Hotel Indonesia (HI),26.0,44.0,28.0,10.0,9.0,13.0,44.0,PM25,BAIK
202503,3,17,DKI1 Bundaran Hotel Indonesia (HI),37.0,57.0,33.0,13.0,6.0,20.0,57.0,PM25,SEDANG
202503,3,18,DKI1 Bundaran Hotel Indonesia (HI),18.0,40.0,27.0,11.0,13.0,22.0,40.0,PM25,BAIK
202503,3,19,DKI1 Bundaran Hotel Indonesia (HI),30.0,54.0,31.0,12.0,13.0,31.0,54.0,PM25,SEDANG
202503,3,20,DKI1 Bundaran Hotel Indonesia (HI),59.0,60.0,36.0,12.0,16.0,31.0,60.0,PM25,SEDANG
202503,3,21,DKI1 Bundaran Hotel Indonesia (HI),36.0,57.0,29.0,11.0,15.0,25.0,57.0,PM25,SEDANG
202503,3,22,DKI1 Bundaran Hotel Indonesia (HI),45.0,66.0,30.0,13.0,15.0,29.0,66.0,PM25,SEDANG
202503,3,23,DKI1 Bundaran Hotel Indonesia (HI),50.0,63.0,29.0,20.0,10.0,26.0,63.0,PM25,SEDANG
202503,3,24,DKI1 Bundaran Hotel Indonesia (HI),38.0,60.0,29.0,13.0,13.0,23.0,60.0,PM25,SEDANG
202503,3,25,DKI1 Bundaran Hotel Indonesia (HI),36.0,,28.0,15.0,8.0,22.0,36.0,PM10,BAIK
202503,3,26,DKI1 Bundaran Hotel Indonesia (HI),42.0,64.0,27.0,17.0,10.0,28.0,64.0,PM25,SEDANG
202503,3,27,DKI1 Bundaran Hotel Indonesia (HI),50.0,71.0,26.0,18.0,7.0,26.0,71.0,PM25,SEDANG
202503,3,28,DKI1 Bundaran Hotel Indonesia (HI),32.0,47.0,27.0,10.0,8.0,19.0,47.0,PM25,BAIK
202503,3,29,DKI1 Bundaran Hotel Indonesia (HI),17.0,33.0,26.0,6.0,11.0,11.0,33.0,PM25,BAIK
202503,3,30,DKI1 Bundaran Hotel Indonesia (HI),22.0,37.0,28.0,8.0,11.0,11.0,37.0,PM25,BAIK
202503,3,31,DKI1 Bundaran Hotel Indonesia (HI),24.0,40.0,30.0,7.0,11.0,8.0,40.0,PM25,BAIK
202503,3,1,DKI2 Kelapa Gading,49.0,73.0,,,,,73.0,PM25,SEDANG
202503,3,2,DKI2 Kelapa Gading,51.0,68.0,30.0,16.0,25.0,7.0,68.0,PM25,SEDANG
202503,3,3,DKI2 Kelapa Gading,43.0,56.0,29.0,17.0,16.0,10.0,56.0,PM25,SEDANG
202503,3,4,DKI2 Kelapa Gading,32.0,51.0,30.0,15.0,18.0,7.0,51.0,PM25,SEDANG
202503,3,5,DKI2 Kelapa Gading,52.0,63.0,37.0,16.0,17.0,15.0,63.0,PM25,SEDANG
202503,3,6,DKI2 Kelapa Gading,60.0,83.0,31.0,20.0,20.0,15.0,83.0,PM25,SEDANG
202503,3,7,DKI2 Kelapa Gading,31.0,34.0,28.0,13.0,15.0,12.0,34.0,PM25,BAIK
202503,3,8,DKI2 Kelapa Gading,51.0,67.0,31.0,17.0,22.0,8.0,67.0,PM25,SEDANG
202503,3,9,DKI2 Kelapa Gading,59.0,75.0,34.0,23.0,15.0,11.0,75.0,PM25,SEDANG
202503,3,10,DKI2 Kelapa Gading,51.0,69.0,31.0,22.0,15.0,15.0,69.0,PM25,SEDANG
202503,3,11,DKI2 Kelapa Gading,,,,,,,0.0,,TIDAK ADA DATA
202503,3,12,DKI2 Kelapa Gading,37.0,56.0,31.0,14.0,13.0,10.0,56.0,PM25,SEDANG
202503,3,13,DKI2 Kelapa Gading,48.0,58.0,31.0,14.0,13.0,11.0,58.0,PM25,SEDANG
202503,3,14,DKI2 Kelapa Gading,51.0,62.0,30.0,16.0,12.0,13.0,62.0,PM25,SEDANG
202503,3,15,DKI2 Kelapa Gading,26.0,37.0,28.0,14.0,11.0,14.0,37.0,PM25,BAIK
202503,3,16,DKI2 Kelapa Gading,31.0,47.0,,,,,47.0,PM25,BAIK
202506,6,7,DKI4 Lubang Buaya,75.0,124.0,21.0,16.0,32.0,23.0,124.0,PM25,TIDAK SEHAT
202506,6,8,DKI4 Lubang Buaya,67.0,93.0,21.0,14.0,35.0,20.0,93.0,PM25,SEDANG
202506,6,9,DKI4 Lubang Buaya,74.0,118.0,24.0,14.0,34.0,20.0,118.0,PM25,TIDAK SEHAT
202506,6,10,DKI4 Lubang Buaya,76.0,114.0,24.0,12.0,30.0,20.0,114.0,PM25,TIDAK SEHAT
202506,6,11,DKI4 Lubang Buaya,64.0,86.0,21.0,12.0,25.0,21.0,86.0,PM25,SEDANG
202506,6,12,DKI4 Lubang Buaya,64.0,95.0,24.0,11.0,23.0,18.0,95.0,PM25,SEDANG
202506,6,13,DKI4 Lubang Buaya,74.0,105.0,22.0,11.0,26.0,15.0,105.0,PM25,TIDAK SEHAT
202506,6,14,DKI4 Lubang Buaya,67.0,99.0,23.0,10.0,22.0,19.0,99.0,PM25,SEDANG
202506,6,15,DKI4 Lubang Buaya,62.0,87.0,24.0,13.0,15.0,11.0,87.0,PM25,SEDANG
202506,6,16,DKI4 Lubang Buaya,68.0,101.0,22.0,13.0,21.0,15.0,101.0,PM25,TIDAK SEHAT
202506,6,17,DKI4 Lubang Buaya,50.0,71.0,22.0,9.0,24.0,13.0,71.0,PM25,SEDANG
202506,6,18,DKI4 Lubang Buaya,40.0,56.0,20.0,11.0,16.0,23.0,56.0,PM25,SEDANG
202506,6,19,DKI4 Lubang Buaya,56.0,74.0,23.0,21.0,11.0,19.0,74.0,PM25,SEDANG
202506,6,20,DKI4 Lubang Buaya,80.0,113.0,24.0,17.0,19.0,21.0,113.0,PM25,TIDAK SEHAT
202506,6,21,DKI4 Lubang Buaya,46.0,68.0,22.0,9.0,25.0,18.0,68.0,PM25,SEDANG
202506,6,22,DKI4 Lubang Buaya,71.0,104.0,23.0,21.0,22.0,21.0,104.0,PM25,TIDAK SEHAT
202506,6,23,DKI4 Lubang Buaya,62.0,82.0,23.0,8.0,26.0,16.0,82.0,PM25,SEDANG
202506,6,24,DKI4 Lubang Buaya,72.0,101.0,24.0,13.0,20.0,17.0,101.0,PM25,TIDAK SEHAT
202506,6,25,DKI4 Lubang Buaya,79.0,115.0,23.0,23.0,30.0,16.0,115.0,PM25,TIDAK SEHAT
202506,6,26,DKI4 Lubang Buaya,81.0,117.0,24.0,17.0,28.0,25.0,117.0,PM25,TIDAK SEHAT
202506,6,27,DKI4 Lubang Buaya,71.0,99.0,23.0,13.0,28.0,17.0,99.0,PM25,SEDANG
202506,6,28,DKI4 Lubang Buaya,84.0,118.0,26.0,14.0,29.0,24.0,118.0,PM25,TIDAK SEHAT
202506,6,29,DKI4 Lubang Buaya,57.0,83.0,21.0,22.0,11.0,29.0,83.0,PM25,SEDANG
202506,6,30,DKI4 Lubang Buaya,97.0,114.0,22.0,27.0,15.0,36.0,114.0,PM25,TIDAK SEHAT
202506,6,1,DKI5 Kebon Jeruk,23.0,103.0,24.0,11.0,31.0,50.0,103.0,PM25,TIDAK SEHAT
202506,6,2,DKI5 Kebon Jeruk,35.0,120.0,27.0,13.0,38.0,56.0,120.0,PM25,TIDAK SEHAT
202506,6,3,DKI5 Kebon Jeruk,30.0,128.0,25.0,11.0,40.0,55.0,128.0,PM25,TIDAK SEHAT
202506,6,4,DKI5 Kebon Jeruk,38.0,141.0,22.0,16.0,39.0,65.0,141.0,PM25,TIDAK SEHAT
202506,6,5,DKI5 Kebon Jeruk,38.0,116.0,25.0,14.0,38.0,65.0,116.0,PM25,TIDAK SEHAT
202506,6,6,DKI5 Kebon Jeruk,30.0,97.0,23.0,12.0,39.0,46.0,97.0,PM25,SEDANG
202506,6,7,DKI5 Kebon Jeruk,36.0,125.0,22.0,17.0,45.0,40.0,125.0,PM25,TIDAK SEHAT
202506,6,8,DKI5 Kebon Jeruk,31.0,108.0,26.0,14.0,41.0,60.0,108.0,PM25,TIDAK SEHAT
202506,6,9,DKI5 Kebon Jeruk,30.0,99.0,25.0,11.0,38.0,49.0,99.0,PM25,SEDANG
202506,6,10,DKI5 Kebon Jeruk,23.0,90.0,26.0,9.0,44.0,54.0,90.0,PM25,SEDANG
202506,6,11,DKI5 Kebon Jeruk,27.0,84.0,23.0,13.0,39.0,62.0,84.0,PM25,SEDANG
202506,6,12,DKI5 Kebon Jeruk,26.0,87.0,25.0,11.0,30.0,55.0,87.0,PM25,SEDANG
202506,6,13,DKI5 Kebon Jeruk,33.0,104.0,28.0,9.0,32.0,28.0,104.0,PM25,TIDAK SEHAT
202506,6,14,DKI5 Kebon Jeruk,32.0,109.0,26.0,10.0,27.0,35.0,109.0,PM25,TIDAK SEHAT
202506,6,15,DKI5 Kebon Jeruk,29.0,88.0,26.0,14.0,18.0,34.0,88.0,PM25,SEDANG
202506,6,16,DKI5 Kebon Jeruk,19.0,80.0,30.0,8.0,33.0,28.0,80.0,PM25,SEDANG
202506,6,17,DKI5 Kebon Jeruk,15.0,64.0,23.0,7.0,30.0,30.0,64.0,PM25,SEDANG
202506,6,18,DKI5 Kebon Jeruk,15.0,55.0,20.0,9.0,27.0,32.0,55.0,PM25,SEDANG
202506,6,19,DKI5 Kebon Jeruk,20.0,90.0,23.0,24.0,16.0,49.0,90.0,PM25,SEDANG
202506,6,20,DKI5 Kebon Jeruk,44.0,127.0,27.0,24.0,18.0,51.0,127.0,PM25,TIDAK SEHAT
202506,6,21,DKI5 Kebon Jeruk,24.0,65.0,22.0,7.0,34.0,31.0,65.0,PM25,SEDANG
202506,6,22,DKI5 Kebon Jeruk,38.0,,24.0,22.0,25.0,45.0,45.0,NO2,BAIK
202506,6,23,DKI5 Kebon Jeruk,20.0,81.0,24.0,7.0,30.0,22.0,81.0,PM25,SEDANG
202506,6,24,DKI5 Kebon Jeruk,36.0,114.0,29.0,11.0,27.0,35.0,114.0,PM25,TIDAK SEHAT
202506,6,25,DKI5 Kebon Jeruk,39.0,133.0,26.0,16.0,28.0,43.0,133.0,PM25,TIDAK SEHAT
202505,5,23,DKI1 Bundaran Hotel Indonesia (HI),35.0,59.0,29.0,17.0,3.0,35.0,59.0,PM25,SEDANG
202505,5,24,DKI1 Bundaran Hotel Indonesia (HI),29.0,52.0,30.0,15.0,11.0,29.0,52.0,PM25,SEDANG
202505,5,25,DKI1 Bundaran Hotel Indonesia (HI),52.0,74.0,29.0,24.0,7.0,34.0,74.0,PM25,SEDANG
202505,5,26,DKI1 Bundaran Hotel Indonesia (HI),52.0,72.0,27.0,22.0,2.0,37.0,72.0,PM25,SEDANG
202505,5,27,DKI1 Bundaran Hotel Indonesia (HI),24.0,53.0,29.0,11.0,11.0,22.0,53.0,PM25,SEDANG
202505,5,28,DKI1 Bundaran Hotel Indonesia (HI),47.0,83.0,35.0,19.0,19.0,37.0,83.0,PM25,SEDANG
202505,5,29,DKI1 Bundaran Hotel Indonesia (HI),65.0,100.0,31.0,15.0,28.0,46.0,100.0,PM25,SEDANG
202505,5,30,DKI1 Bundaran Hotel Indonesia (HI),48.0,71.0,27.0,12.0,12.0,34.0,71.0,PM25,SEDANG
202505,5,31,DKI1 Bundaran Hotel Indonesia (HI),51.0,90.0,28.0,16.0,19.0,37.0,90.0,PM25,SEDANG
202505,5,1,DKI2 Kelapa Gading,60.0,88.0,35.0,16.0,25.0,5.0,88.0,PM25,SEDANG
202505,5,2,DKI2 Kelapa Gading,60.0,87.0,34.0,16.0,24.0,5.0,87.0,PM25,SEDANG
202505,5,3,DKI2 Kelapa Gading,62.0,89.0,38.0,17.0,21.0,8.0,89.0,PM25,SEDANG
202505,5,4,DKI2 Kelapa Gading,61.0,82.0,34.0,20.0,17.0,6.0,82.0,PM25,SEDANG
202505,5,5,DKI2 Kelapa Gading,66.0,97.0,38.0,22.0,16.0,12.0,97.0,PM25,SEDANG
202505,5,6,DKI2 Kelapa Gading,55.0,87.0,33.0,20.0,18.0,,87.0,PM25,SEDANG
202505,5,7,DKI2 Kelapa Gading,64.0,91.0,34.0,27.0,18.0,20.0,91.0,PM25,SEDANG
202505,5,8,DKI2 Kelapa Gading,71.0,105.0,35.0,26.0,17.0,15.0,105.0,PM25,TIDAK SEHAT
202505,5,9,DKI2 Kelapa Gading,57.0,83.0,33.0,19.0,22.0,9.0,83.0,PM25,SEDANG
202505,5,10,DKI2 Kelapa Gading,67.0,103.0,36.0,19.0,22.0,9.0,103.0,PM25,TIDAK SEHAT
202505,5,11,DKI2 Kelapa Gading,69.0,93.0,36.0,24.0,24.0,9.0,93.0,PM25,SEDANG
202505,5,12,DKI2 Kelapa Gading,44.0,63.0,34.0,18.0,14.0,15.0,63.0,PM25,SEDANG
202505,5,13,DKI2 Kelapa Gading,44.0,64.0,34.0,17.0,18.0,13.0,64.0,PM25,SEDANG
202505,5,14,DKI2 Kelapa Gading,57.0,79.0,35.0,19.0,22.0,12.0,79.0,PM25,SEDANG
202505,5,15,DKI2 Kelapa Gading,60.0,81.0,36.0,22.0,23.0,13.0,81.0,PM25,SEDANG
202505,5,16,DKI2 Kelapa Gading,58.0,81.0,36.0,20.0,22.0,8.0,81.0,PM25,SEDANG
202505,5,17,DKI2 Kelapa Gading,66.0,92.0,40.0,21.0,21.0,24.0,92.0,PM25,SEDANG
202505,5,18,DKI2 Kelapa Gading,63.0,85.0,36.0,29.0,19.0,31.0,85.0,PM25,SEDANG
202505,5,19,DKI2 Kelapa Gading,69.0,97.0,44.0,19.0,22.0,18.0,97.0,PM25,SEDANG
202505,5,20,DKI2 Kelapa Gading,70.0,92.0,41.0,23.0,17.0,31.0,92.0,PM25,SEDANG
202505,5,21,DKI2 Kelapa Gading,66.0,88.0,40.0,17.0,17.0,9.0,88.0,PM25,SEDANG
202505,5,22,DKI2 Kelapa Gading,60.0,78.0,34.0,19.0,14.0,18.0,78.0,PM25,SEDANG
202505,5,23,DKI2 Kelapa Gading,48.0,62.0,35.0,17.0,13.0,14.0,62.0,PM25,SEDANG
202505,5,24,DKI2 Kelapa Gading,39.0,56.0,34.0,21.0,14.0,25.0,56.0,PM25,SEDANG
202505,5,25,DKI2 Kelapa Gading,56.0,79.0,34.0,23.0,13.0,23.0,79.0,PM25,SEDANG
202505,5,26,DKI2 Kelapa Gading,54.0,67.0,33.0,23.0,11.0,23.0,67.0,PM25,SEDANG
202505,5,27,DKI2 Kelapa Gading,37.0,54.0,32.0,16.0,13.0,15.0,54.0,PM25,SEDANG
202505,5,28,DKI2 Kelapa Gading,60.0,87.0,37.0,21.0,20.0,24.0,87.0,PM25,SEDANG
202505,5,29,DKI2 Kelapa Gading,75.0,101.0,39.0,17.0,25.0,8.0,101.0,PM25,TIDAK SEHAT
202505,5,30,DKI2 Kelapa Gading,56.0,77.0,35.0,16.0,20.0,11.0,77.0,PM25,SEDANG
202505,5,31,DKI2 Kelapa Gading,72.0,101.0,36.0,19.0,22.0,7.0,101.0,PM25,TIDAK SEHAT
202505,5,1,DKI3 Jagakarsa,53.0,84.0,27.0,12.0,30.0,21.0,84.0,PM25,SEDANG
202505,5,2,DKI3 Jagakarsa,53.0,83.0,27.0,12.0,29.0,24.0,83.0,PM25,SEDANG
202505,5,3,DKI3 Jagakarsa,51.0,77.0,30.0,11.0,27.0,22.0,77.0,PM25,SEDANG
202505,5,4,DKI3 Jagakarsa,42.0,60.0,25.0,16.0,20.0,39.0,60.0,PM25,SEDANG
202505,5,5,DKI3 Jagakarsa,64.0,97.0,28.0,20.0,20.0,50.0,97.0,PM25,SEDANG
202505,5,6,DKI3 Jagakarsa,51.0,81.0,27.0,11.0,28.0,18.0,81.0,PM25,SEDANG
202505,5,7,DKI3 Jagakarsa,48.0,77.0,26.0,19.0,,44.0,77.0,PM25,SEDANG
202505,5,8,DKI3 Jagakarsa,60.0,94.0,28.0,19.0,20.0,42.0,94.0,PM25,SEDANG
202505,5,9,DKI3 Jagakarsa,45.0,66.0,25.0,12.0,18.0,26.0,66.0,PM25,SEDANG
202505,5,10,DKI3 Jagakarsa,42.0,75.0,30.0,10.0,26.0,21.0,75.0,PM25,SEDANG
202505,5,11,DKI3 Jagakarsa,61.0,84.0,26.0,23.0,15.0,73.0,84.0,PM25,SEDANG
202505,5,12,DKI3 Jagakarsa,41.0,64.0,28.0,10.0,12.0,33.0,64.0,PM25,SEDANG
202505,5,13,DKI3 Jagakarsa,48.0,71.0,27.0,9.0,12.0,34.0,71.0,PM25,SEDANG
202505,5,14,DKI3 Jagakarsa,43.0,65.0,29.0,13.0,22.0,32.0,65.0,PM25,SEDANG
202505,5,15,DKI3 Jagakarsa,45.0,66.0,28.0,12.0,27.0,27.0,66.0,PM25,SEDANG
202505,5,16,DKI3 Jagakarsa,49.0,72.0,28.0,15.0,21.0,32.0,72.0,PM25,SEDANG
202505,5,17,DKI3 Jagakarsa,52.0,71.0,30.0,14.0,16.0,53.0,71.0,PM25,SEDANG
202505,5,18,DKI3 Jagakarsa,44.0,62.0,30.0,16.0,13.0,67.0,67.0,NO2,SEDANG
202505,5,19,DKI3 Jagakarsa,40.0,64.0,34.0,11.0,19.0,34.0,64.0,PM25,SEDANG
202505,5,20,DKI3 Jagakarsa,57.0,80.0,37.0,15.0,16.0,64.0,80.0,PM25,SEDANG
202505,5,21,DKI3 Jagakarsa,67.0,101.0,34.0,18.0,15.0,51.0,101.0,PM25,TIDAK SEHAT
202505,5,22,DKI3 Jagakarsa,70.0,96.0,32.0,20.0,16.0,59.0,96.0,PM25,SEDANG
202505,5,23,DKI3 Jagakarsa,43.0,59.0,30.0,10.0,15.0,50.0,59.0,PM25,SEDANG
202505,5,24,DKI3 Jagakarsa,28.0,42.0,28.0,10.0,11.0,43.0,43.0,NO2,BAIK
202505,5,25,DKI3 Jagakarsa,52.0,71.0,34.0,17.0,11.0,66.0,71.0,PM25,SEDANG
202505,5,26,DKI3 Jagakarsa,87.0,109.0,30.0,22.0,12.0,50.0,109.0,PM25,TIDAK SEHAT
202505,5,27,DKI3 Jagakarsa,56.0,67.0,30.0,10.0,10.0,29.0,67.0,PM25,SEDANG
202505,5,28,DKI3 Jagakarsa,61.0,88.0,33.0,15.0,15.0,68.0,88.0,PM25,SEDANG
202505,5,29,DKI3 Jagakarsa,58.0,87.0,39.0,13.0,31.0,50.0,87.0,PM25,SEDANG
202505,5,30,DKI3 Jagakarsa,42.0,65.0,32.0,12.0,27.0,34.0,65.0,PM25,SEDANG
202505,5,31,DKI3 Jagakarsa,55.0,84.0,33.0,14.0,22.0,48.0,84.0,PM25,SEDANG
202505,5,1,DKI4 Lubang Buaya,63.0,103.0,21.0,11.0,34.0,16.0,103.0,PM25,TIDAK SEHAT
202505,5,2,DKI4 Lubang Buaya,62.0,102.0,21.0,12.0,38.0,21.0,102.0,PM25,TIDAK SEHAT
202505,5,3,DKI4 Lubang Buaya,61.0,92.0,22.0,10.0,34.0,16.0,92.0,PM25,SEDANG
202505,5,4,DKI4 Lubang Buaya,56.0,80.0,19.0,11.0,27.0,17.0,80.0,PM25,SEDANG
202505,5,5,DKI4 Lubang Buaya,69.0,112.0,21.0,20.0,25.0,17.0,112.0,PM25,TIDAK SEHAT
202505,5,6,DKI4 Lubang Buaya,61.0,101.0,20.0,15.0,31.0,19.0,101.0,PM25,TIDAK SEHAT
202505,5,7,DKI4 Lubang Buaya,66.0,96.0,19.0,16.0,27.0,18.0,96.0,PM25,SEDANG
202505,5,8,DKI4 Lubang Buaya,83.0,117.0,20.0,23.0,26.0,17.0,117.0,PM25,TIDAK SEHAT
202505,5,9,DKI4 Lubang Buaya,57.0,86.0,19.0,14.0,26.0,21.0,86.0,PM25,SEDANG
202505,5,10,DKI4 Lubang Buaya,66.0,107.0,20.0,12.0,33.0,20.0,107.0,PM25,TIDAK SEHAT
202505,5,11,DKI4 Lubang Buaya,70.0,95.0,19.0,19.0,28.0,19.0,95.0,PM25,SEDANG
202505,5,12,DKI4 Lubang Buaya,52.0,78.0,19.0,13.0,23.0,11.0,78.0,PM25,SEDANG
202505,5,13,DKI4 Lubang Buaya,50.0,73.0,20.0,11.0,19.0,13.0,73.0,PM25,SEDANG
202505,5,14,DKI4 Lubang Buaya,57.0,84.0,19.0,13.0,29.0,22.0,84.0,PM25,SEDANG
202505,5,15,DKI4 Lubang Buaya,60.0,88.0,21.0,18.0,33.0,23.0,88.0,PM25,SEDANG
202505,5,16,DKI4 Lubang Buaya,61.0,82.0,19.0,13.0,32.0,21.0,82.0,PM25,SEDANG
202505,5,17,DKI4 Lubang Buaya,61.0,75.0,20.0,13.0,27.0,24.0,75.0,PM25,SEDANG
202505,5,18,DKI4 Lubang Buaya,,85.0,20.0,18.0,25.0,12.0,85.0,PM25,SEDANG
202505,5,19,DKI4 Lubang Buaya,,78.0,20.0,10.0,29.0,14.0,78.0,PM25,SEDANG
202505,5,20,DKI4 Lubang Buaya,70.0,107.0,22.0,16.0,23.0,18.0,107.0,PM25,TIDAK SEHAT
202505,5,21,DKI4 Lubang Buaya,69.0,104.0,22.0,15.0,22.0,20.0,104.0,PM25,TIDAK SEHAT
202505,5,22,DKI4 Lubang Buaya,73.0,101.0,19.0,21.0,23.0,24.0,101.0,PM25,TIDAK SEHAT
202505,5,23,DKI4 Lubang Buaya,49.0,64.0,20.0,13.0,21.0,17.0,64.0,PM25,SEDANG
202505,5,24,DKI4 Lubang Buaya,,,,,,,0.0,,TIDAK ADA DATA
202505,5,25,DKI4 Lubang Buaya,66.0,102.0,22.0,17.0,18.0,15.0,102.0,PM25,TIDAK SEHAT
202505,5,26,DKI4 Lubang Buaya,76.0,95.0,19.0,24.0,14.0,24.0,95.0,PM25,SEDANG
202505,5,27,DKI4 Lubang Buaya,42.0,60.0,19.0,11.0,14.0,14.0,60.0,PM25,SEDANG
202505,5,28,DKI4 Lubang Buaya,58.0,96.0,22.0,15.0,26.0,11.0,96.0,PM25,SEDANG
202505,5,29,DKI4 Lubang Buaya,80.0,128.0,23.0,13.0,38.0,23.0,128.0,PM25,TIDAK SEHAT
202505,5,30,DKI4 Lubang Buaya,,,,,,,0.0,,TIDAK ADA DATA
202505,5,31,DKI4 Lubang Buaya,70.0,105.0,21.0,13.0,29.0,17.0,105.0,PM25,TIDAK SEHAT
202505,5,1,DKI5 Kebon Jeruk,27.0,101.0,21.0,9.0,40.0,5.0,101.0,PM25,TIDAK SEHAT
202505,5,2,DKI5 Kebon Jeruk,22.0,95.0,20.0,9.0,43.0,5.0,95.0,PM25,SEDANG
202505,5,3,DKI5 Kebon Jeruk,27.0,95.0,24.0,11.0,40.0,5.0,95.0,PM25,SEDANG
202505,5,4,DKI5 Kebon Jeruk,26.0,80.0,20.0,14.0,31.0,5.0,80.0,PM25,SEDANG
202505,5,5,DKI5 Kebon Jeruk,42.0,116.0,23.0,19.0,29.0,5.0,116.0,PM25,TIDAK SEHAT
202505,5,6,DKI5 Kebon Jeruk,41.0,95.0,21.0,13.0,33.0,5.0,95.0,PM25,SEDANG
202505,5,7,DKI5 Kebon Jeruk,39.0,99.0,21.0,15.0,32.0,5.0,99.0,PM25,SEDANG
202505,5,8,DKI5 Kebon Jeruk,51.0,142.0,20.0,26.0,35.0,4.0,142.0,PM25,TIDAK SEHAT
202505,5,9,DKI5 Kebon Jeruk,26.0,97.0,19.0,10.0,32.0,30.0,97.0,PM25,SEDANG
202505,5,10,DKI5 Kebon Jeruk,,,,,,,0.0,,TIDAK ADA DATA
202505,5,11,DKI5 Kebon Jeruk,37.0,,19.0,21.0,38.0,45.0,45.0,NO2,BAIK
202505,5,12,DKI5 Kebon Jeruk,19.0,,19.0,11.0,28.0,27.0,28.0,O3,BAIK
202505,5,13,DKI5 Kebon Jeruk,19.0,,21.0,5.0,22.0,23.0,23.0,NO2,BAIK
202505,5,14,DKI5 Kebon Jeruk,,85.0,21.0,12.0,47.0,52.0,85.0,PM25,SEDANG
202505,5,15,DKI5 Kebon Jeruk,26.0,96.0,21.0,12.0,39.0,52.0,96.0,PM25,SEDANG
202505,5,16,DKI5 Kebon Jeruk,25.0,100.0,21.0,13.0,49.0,56.0,100.0,PM25,SEDANG
202505,5,17,DKI5 Kebon Jeruk,21.0,85.0,27.0,11.0,28.0,50.0,85.0,PM25,SEDANG
202505,5,18,DKI5 Kebon Jeruk,28.0,92.0,21.0,22.0,34.0,54.0,92.0,PM25,SEDANG
202505,5,19,DKI5 Kebon Jeruk,17.0,79.0,26.0,9.0,39.0,48.0,79.0,PM25,SEDANG
202505,5,20,DKI5 Kebon Jeruk,28.0,105.0,29.0,18.0,29.0,62.0,105.0,PM25,TIDAK SEHAT
202505,5,21,DKI5 Kebon Jeruk,24.0,103.0,26.0,11.0,30.0,57.0,103.0,PM25,TIDAK SEHAT
202505,5,22,DKI5 Kebon Jeruk,36.0,89.0,21.0,13.0,35.0,55.0,89.0,PM25,SEDANG
202505,5,23,DKI5 Kebon Jeruk,17.0,65.0,21.0,9.0,33.0,52.0,65.0,PM25,SEDANG
202505,5,24,DKI5 Kebon Jeruk,15.0,69.0,21.0,9.0,28.0,32.0,69.0,PM25,SEDANG
202505,5,25,DKI5 Kebon Jeruk,24.0,90.0,21.0,15.0,28.0,56.0,90.0,PM25,SEDANG
202505,5,26,DKI5 Kebon Jeruk,38.0,119.0,20.0,18.0,28.0,44.0,119.0,PM25,TIDAK SEHAT
202505,5,27,DKI5 Kebon Jeruk,16.0,59.0,20.0,5.0,22.0,25.0,59.0,PM25,SEDANG
202505,5,28,DKI5 Kebon Jeruk,24.0,100.0,26.0,12.0,29.0,34.0,100.0,PM25,SEDANG
202505,5,29,DKI5 Kebon Jeruk,26.0,105.0,26.0,10.0,57.0,53.0,105.0,PM25,TIDAK SEHAT
202505,5,30,DKI5 Kebon Jeruk,54.0,76.0,21.0,9.0,37.0,54.0,76.0,PM25,SEDANG
202505,5,31,DKI5 Kebon Jeruk,35.0,113.0,22.0,13.0,42.0,47.0,113.0,PM25,TIDAK SEHAT
202506,6,26,DKI5 Kebon Jeruk,32.0,123.0,26.0,17.0,27.0,51.0,123.0,PM25,TIDAK SEHAT
202506,6,27,DKI5 Kebon Jeruk,31.0,108.0,27.0,10.0,38.0,30.0,108.0,PM25,TIDAK SEHAT
202506,6,28,DKI5 Kebon Jeruk,47.0,137.0,26.0,12.0,40.0,35.0,137.0,PM25,TIDAK SEHAT
202506,6,29,DKI5 Kebon Jeruk,48.0,95.0,24.0,17.0,15.0,51.0,95.0,PM25,SEDANG
202506,6,30,DKI5 Kebon Jeruk,29.0,125.0,25.0,19.0,28.0,48.0,125.0,PM25,TIDAK SEHAT
202507,7,1,DKI1 Bundaran Hotel Indonesia (HI),32.0,60.0,27.0,11.0,9.0,25.0,60.0,PM25,SEDANG
202507,7,2,DKI1 Bundaran Hotel Indonesia (HI),38.0,76.0,30.0,16.0,11.0,35.0,76.0,PM25,SEDANG
202507,7,3,DKI1 Bundaran Hotel Indonesia (HI),51.0,81.0,27.0,21.0,9.0,42.0,81.0,PM25,SEDANG
202507,7,4,DKI1 Bundaran Hotel Indonesia (HI),48.0,75.0,29.0,19.0,12.0,41.0,75.0,PM25,SEDANG
202507,7,5,DKI1 Bundaran Hotel Indonesia (HI),62.0,87.0,31.0,19.0,14.0,43.0,87.0,PM25,SEDANG
202507,7,6,DKI1 Bundaran Hotel Indonesia (HI),41.0,69.0,28.0,13.0,22.0,30.0,69.0,PM25,SEDANG
202507,7,7,DKI1 Bundaran Hotel Indonesia (HI),35.0,62.0,29.0,14.0,10.0,31.0,62.0,PM25,SEDANG
202507,7,8,DKI1 Bundaran Hotel Indonesia (HI),31.0,58.0,27.0,14.0,11.0,35.0,58.0,PM25,SEDANG
202507,7,9,DKI1 Bundaran Hotel Indonesia (HI),49.0,83.0,27.0,18.0,13.0,38.0,83.0,PM25,SEDANG
202507,7,10,DKI1 Bundaran Hotel Indonesia (HI),49.0,79.0,29.0,17.0,14.0,41.0,79.0,PM25,SEDANG
202507,7,11,DKI1 Bundaran Hotel Indonesia (HI),55.0,96.0,37.0,14.0,19.0,43.0,96.0,PM25,SEDANG
202507,7,12,DKI1 Bundaran Hotel Indonesia (HI),65.0,115.0,37.0,14.0,29.0,37.0,115.0,PM25,TIDAK SEHAT
202507,7,13,DKI1 Bundaran Hotel Indonesia (HI),69.0,102.0,35.0,12.0,23.0,30.0,102.0,PM25,TIDAK SEHAT
202507,7,14,DKI1 Bundaran Hotel Indonesia (HI),50.0,79.0,29.0,14.0,16.0,30.0,79.0,PM25,SEDANG
202507,7,15,DKI1 Bundaran Hotel Indonesia (HI),63.0,98.0,29.0,21.0,14.0,41.0,98.0,PM25,SEDANG
202507,7,16,DKI1 Bundaran Hotel Indonesia (HI),64.0,109.0,32.0,25.0,20.0,53.0,109.0,PM25,TIDAK SEHAT
202507,7,17,DKI1 Bundaran Hotel Indonesia (HI),54.0,86.0,29.0,18.0,17.0,42.0,86.0,PM25,SEDANG
202507,7,18,DKI1 Bundaran Hotel Indonesia (HI),56.0,94.0,29.0,16.0,21.0,37.0,94.0,PM25,SEDANG
202507,7,19,DKI1 Bundaran Hotel Indonesia (HI),54.0,97.0,31.0,15.0,20.0,39.0,97.0,PM25,SEDANG
202507,7,20,DKI1 Bundaran Hotel Indonesia (HI),61.0,104.0,34.0,14.0,25.0,37.0,104.0,PM25,TIDAK SEHAT
202507,7,21,DKI1 Bundaran Hotel Indonesia (HI),57.0,96.0,33.0,13.0,27.0,35.0,96.0,PM25,SEDANG
202507,7,22,DKI1 Bundaran Hotel Indonesia (HI),59.0,97.0,38.0,13.0,22.0,36.0,97.0,PM25,SEDANG
202507,7,23,DKI1 Bundaran Hotel Indonesia (HI),60.0,102.0,37.0,13.0,22.0,39.0,102.0,PM25,TIDAK SEHAT
202507,7,24,DKI1 Bundaran Hotel Indonesia (HI),62.0,111.0,37.0,16.0,23.0,42.0,111.0,PM25,TIDAK SEHAT
202507,7,25,DKI1 Bundaran Hotel Indonesia (HI),64.0,109.0,38.0,14.0,20.0,39.0,109.0,PM25,TIDAK SEHAT
202507,7,26,DKI1 Bundaran Hotel Indonesia (HI),63.0,108.0,35.0,13.0,19.0,37.0,108.0,PM25,TIDAK SEHAT
202507,7,27,DKI1 Bundaran Hotel Indonesia (HI),64.0,112.0,31.0,12.0,25.0,29.0,112.0,PM25,TIDAK SEHAT
202507,7,28,DKI1 Bundaran Hotel Indonesia (HI),56.0,90.0,30.0,15.0,18.0,39.0,90.0,PM25,SEDANG
202507,7,29,DKI1 Bundaran Hotel Indonesia (HI),53.0,91.0,30.0,23.0,14.0,46.0,91.0,PM25,SEDANG
202507,7,30,DKI1 Bundaran Hotel Indonesia (HI),46.0,81.0,30.0,16.0,16.0,33.0,81.0,PM25,SEDANG
202507,7,31,DKI1 Bundaran Hotel Indonesia (HI),46.0,76.0,31.0,14.0,14.0,31.0,76.0,PM25,SEDANG
202507,7,1,DKI2 Kelapa Gading,37.0,51.0,36.0,13.0,17.0,13.0,51.0,PM25,SEDANG
202507,7,2,DKI2 Kelapa Gading,54.0,74.0,44.0,19.0,17.0,13.0,74.0,PM25,SEDANG
202507,7,3,DKI2 Kelapa Gading,55.0,75.0,36.0,20.0,17.0,9.0,75.0,PM25,SEDANG
202507,7,4,DKI2 Kelapa Gading,57.0,78.0,42.0,20.0,18.0,19.0,78.0,PM25,SEDANG
202507,7,5,DKI2 Kelapa Gading,59.0,83.0,38.0,20.0,21.0,12.0,83.0,PM25,SEDANG
202507,7,6,DKI2 Kelapa Gading,49.0,61.0,39.0,14.0,25.0,10.0,61.0,PM25,SEDANG
202507,7,7,DKI2 Kelapa Gading,44.0,,39.0,20.0,16.0,25.0,44.0,PM10,BAIK
202507,7,8,DKI2 Kelapa Gading,43.0,60.0,37.0,15.0,18.0,10.0,60.0,PM25,SEDANG
202507,7,9,DKI2 Kelapa Gading,54.0,74.0,35.0,19.0,19.0,9.0,74.0,PM25,SEDANG
202507,7,10,DKI2 Kelapa Gading,63.0,86.0,39.0,19.0,23.0,8.0,86.0,PM25,SEDANG
202507,7,11,DKI2 Kelapa Gading,64.0,92.0,43.0,15.0,26.0,7.0,92.0,PM25,SEDANG
202507,7,12,DKI2 Kelapa Gading,79.0,116.0,45.0,18.0,29.0,8.0,116.0,PM25,TIDAK SEHAT
202507,7,13,DKI2 Kelapa Gading,74.0,104.0,46.0,17.0,26.0,8.0,104.0,PM25,TIDAK SEHAT
202507,7,14,DKI2 Kelapa Gading,55.0,76.0,39.0,18.0,28.0,11.0,76.0,PM25,SEDANG
202507,7,15,DKI2 Kelapa Gading,70.0,96.0,37.0,23.0,21.0,11.0,96.0,PM25,SEDANG
202507,7,16,DKI2 Kelapa Gading,81.0,121.0,46.0,22.0,28.0,9.0,121.0,PM25,TIDAK SEHAT
202507,7,17,DKI2 Kelapa Gading,60.0,81.0,36.0,21.0,27.0,16.0,81.0,PM25,SEDANG
202507,7,18,DKI2 Kelapa Gading,71.0,100.0,39.0,18.0,27.0,16.0,100.0,PM25,SEDANG
202507,7,19,DKI2 Kelapa Gading,61.0,89.0,38.0,18.0,27.0,12.0,89.0,PM25,SEDANG
202507,7,20,DKI2 Kelapa Gading,71.0,101.0,40.0,18.0,30.0,12.0,101.0,PM25,TIDAK SEHAT
202507,7,21,DKI2 Kelapa Gading,66.0,94.0,37.0,16.0,28.0,13.0,94.0,PM25,SEDANG
202507,7,22,DKI2 Kelapa Gading,69.0,97.0,41.0,15.0,24.0,12.0,97.0,PM25,SEDANG
202507,7,23,DKI2 Kelapa Gading,74.0,108.0,45.0,17.0,26.0,9.0,108.0,PM25,TIDAK SEHAT
202507,7,24,DKI2 Kelapa Gading,79.0,117.0,47.0,18.0,26.0,9.0,117.0,PM25,TIDAK SEHAT
202507,7,25,DKI2 Kelapa Gading,76.0,111.0,46.0,16.0,26.0,9.0,111.0,PM25,TIDAK SEHAT
202507,7,26,DKI2 Kelapa Gading,,101.0,45.0,15.0,26.0,11.0,101.0,PM25,TIDAK SEHAT
202507,7,27,DKI2 Kelapa Gading,,107.0,41.0,15.0,29.0,12.0,107.0,PM25,TIDAK SEHAT
202507,7,28,DKI2 Kelapa Gading,,92.0,38.0,18.0,25.0,9.0,92.0,PM25,SEDANG
202507,7,29,DKI2 Kelapa Gading,,94.0,38.0,26.0,18.0,22.0,94.0,PM25,SEDANG
202507,7,30,DKI2 Kelapa Gading,,67.0,38.0,13.0,22.0,14.0,67.0,PM25,SEDANG
202507,7,31,DKI2 Kelapa Gading,,73.0,41.0,14.0,22.0,16.0,73.0,PM25,SEDANG
202507,7,1,DKI3 Jagakarsa,24.0,52.0,40.0,8.0,17.0,29.0,52.0,PM25,SEDANG
202507,7,2,DKI3 Jagakarsa,43.0,61.0,40.0,16.0,16.0,58.0,61.0,PM25,SEDANG
202507,7,3,DKI3 Jagakarsa,41.0,60.0,40.0,12.0,21.0,52.0,60.0,PM25,SEDANG
202507,7,4,DKI3 Jagakarsa,29.0,56.0,39.0,11.0,24.0,45.0,56.0,PM25,SEDANG
202507,7,5,DKI3 Jagakarsa,40.0,72.0,42.0,12.0,23.0,53.0,72.0,PM25,SEDANG
202507,7,6,DKI3 Jagakarsa,27.0,55.0,41.0,9.0,26.0,34.0,55.0,PM25,SEDANG
202507,7,7,DKI3 Jagakarsa,28.0,54.0,43.0,12.0,19.0,63.0,63.0,NO2,SEDANG
202507,7,8,DKI3 Jagakarsa,28.0,49.0,42.0,10.0,18.0,59.0,59.0,NO2,SEDANG
202507,7,9,DKI3 Jagakarsa,38.0,60.0,42.0,11.0,20.0,47.0,60.0,PM25,SEDANG
202507,7,10,DKI3 Jagakarsa,35.0,61.0,45.0,11.0,25.0,47.0,61.0,PM25,SEDANG
202507,7,11,DKI3 Jagakarsa,46.0,,49.0,11.0,32.0,47.0,49.0,SO2,BAIK
202507,7,12,DKI3 Jagakarsa,77.0,105.0,50.0,16.0,31.0,60.0,105.0,PM25,TIDAK SEHAT
202507,7,13,DKI3 Jagakarsa,62.0,86.0,51.0,11.0,28.0,41.0,86.0,PM25,SEDANG
202507,7,14,DKI3 Jagakarsa,47.0,69.0,47.0,12.0,21.0,52.0,69.0,PM25,SEDANG
202507,7,15,DKI3 Jagakarsa,58.0,77.0,45.0,14.0,21.0,52.0,77.0,PM25,SEDANG
202507,7,16,DKI3 Jagakarsa,52.0,71.0,47.0,20.0,21.0,86.0,86.0,NO2,SEDANG
202507,7,17,DKI3 Jagakarsa,35.0,59.0,45.0,13.0,25.0,57.0,59.0,PM25,SEDANG
202507,7,18,DKI3 Jagakarsa,52.0,77.0,50.0,14.0,27.0,56.0,77.0,PM25,SEDANG
202507,7,19,DKI3 Jagakarsa,42.0,67.0,49.0,10.0,27.0,44.0,67.0,PM25,SEDANG
202507,7,20,DKI3 Jagakarsa,43.0,69.0,50.0,9.0,29.0,51.0,69.0,PM25,SEDANG
202507,7,21,DKI3 Jagakarsa,36.0,67.0,54.0,9.0,30.0,44.0,67.0,PM25,SEDANG
202507,7,22,DKI3 Jagakarsa,52.0,77.0,51.0,10.0,26.0,48.0,77.0,PM25,SEDANG
202507,7,23,DKI3 Jagakarsa,56.0,80.0,51.0,11.0,28.0,49.0,80.0,PM25,SEDANG
202507,7,24,DKI3 Jagakarsa,60.0,82.0,51.0,13.0,25.0,52.0,82.0,PM25,SEDANG
202507,7,25,DKI3 Jagakarsa,51.0,76.0,51.0,11.0,26.0,46.0,76.0,PM25,SEDANG
202507,7,26,DKI3 Jagakarsa,56.0,76.0,52.0,11.0,28.0,44.0,76.0,PM25,SEDANG
202507,7,27,DKI3 Jagakarsa,64.0,84.0,52.0,12.0,29.0,44.0,84.0,PM25,SEDANG
202507,7,28,DKI3 Jagakarsa,51.0,65.0,49.0,12.0,25.0,43.0,65.0,PM25,SEDANG
202507,7,29,DKI3 Jagakarsa,40.0,59.0,50.0,11.0,20.0,45.0,59.0,PM25,SEDANG
202507,7,30,DKI3 Jagakarsa,23.0,57.0,50.0,8.0,26.0,31.0,57.0,PM25,SEDANG
202507,7,31,DKI3 Jagakarsa,32.0,59.0,51.0,7.0,23.0,35.0,59.0,PM25,SEDANG
202507,7,1,DKI4 Lubang Buaya,44.0,57.0,22.0,7.0,19.0,11.0,57.0,PM25,SEDANG
202507,7,2,DKI4 Lubang Buaya,54.0,80.0,23.0,16.0,20.0,20.0,80.0,PM25,SEDANG
202507,7,3,DKI4 Lubang Buaya,57.0,76.0,23.0,12.0,19.0,26.0,76.0,PM25,SEDANG
202507,7,4,DKI4 Lubang Buaya,58.0,78.0,24.0,12.0,28.0,22.0,78.0,PM25,SEDANG
202507,7,5,DKI4 Lubang Buaya,60.0,83.0,24.0,13.0,25.0,20.0,83.0,PM25,SEDANG
202507,7,6,DKI4 Lubang Buaya,52.0,69.0,23.0,9.0,32.0,17.0,69.0,PM25,SEDANG
202507,7,7,DKI4 Lubang Buaya,,58.0,22.0,14.0,21.0,14.0,58.0,PM25,SEDANG
202507,7,8,DKI4 Lubang Buaya,41.0,62.0,24.0,9.0,21.0,22.0,62.0,PM25,SEDANG
202507,7,9,DKI4 Lubang Buaya,61.0,81.0,23.0,14.0,21.0,17.0,81.0,PM25,SEDANG
202507,7,10,DKI4 Lubang Buaya,58.0,86.0,25.0,11.0,28.0,25.0,86.0,PM25,SEDANG
202507,7,11,DKI4 Lubang Buaya,70.0,110.0,28.0,12.0,32.0,29.0,110.0,PM25,TIDAK SEHAT
202507,7,12,DKI4 Lubang Buaya,91.0,140.0,28.0,18.0,32.0,26.0,140.0,PM25,TIDAK SEHAT
202507,7,13,DKI4 Lubang Buaya,81.0,113.0,26.0,12.0,28.0,20.0,113.0,PM25,TIDAK SEHAT
202507,7,14,DKI4 Lubang Buaya,57.0,81.0,25.0,10.0,24.0,16.0,81.0,PM25,SEDANG
202507,7,15,DKI4 Lubang Buaya,71.0,104.0,24.0,17.0,23.0,27.0,104.0,PM25,TIDAK SEHAT
202506,6,1,DKI1 Bundaran Hotel Indonesia (HI),50.0,88.0,33.0,16.0,19.0,33.0,88.0,PM25,SEDANG
202506,6,2,DKI1 Bundaran Hotel Indonesia (HI),64.0,101.0,34.0,15.0,19.0,37.0,101.0,PM25,TIDAK SEHAT
202506,6,3,DKI1 Bundaran Hotel Indonesia (HI),56.0,83.0,29.0,16.0,14.0,45.0,83.0,PM25,SEDANG
202506,6,4,DKI1 Bundaran Hotel Indonesia (HI),71.0,117.0,30.0,24.0,14.0,55.0,117.0,PM25,TIDAK SEHAT
202506,6,5,DKI1 Bundaran Hotel Indonesia (HI),73.0,117.0,29.0,23.0,19.0,51.0,117.0,PM25,TIDAK SEHAT
202506,6,6,DKI1 Bundaran Hotel Indonesia (HI),61.0,86.0,29.0,15.0,19.0,33.0,86.0,PM25,SEDANG
202506,6,7,DKI1 Bundaran Hotel Indonesia (HI),60.0,117.0,28.0,21.0,24.0,40.0,117.0,PM25,TIDAK SEHAT
202506,6,8,DKI1 Bundaran Hotel Indonesia (HI),66.0,98.0,30.0,16.0,29.0,28.0,98.0,PM25,SEDANG
202506,6,9,DKI1 Bundaran Hotel Indonesia (HI),60.0,87.0,31.0,13.0,21.0,37.0,87.0,PM25,SEDANG
202506,6,10,DKI1 Bundaran Hotel Indonesia (HI),60.0,94.0,27.0,17.0,14.0,40.0,94.0,PM25,SEDANG
202506,6,11,DKI1 Bundaran Hotel Indonesia (HI),54.0,84.0,26.0,21.0,12.0,48.0,84.0,PM25,SEDANG
202506,6,12,DKI1 Bundaran Hotel Indonesia (HI),51.0,93.0,29.0,15.0,13.0,34.0,93.0,PM25,SEDANG
202506,6,13,DKI1 Bundaran Hotel Indonesia (HI),59.0,94.0,31.0,14.0,18.0,35.0,94.0,PM25,SEDANG
202506,6,14,DKI1 Bundaran Hotel Indonesia (HI),55.0,92.0,32.0,14.0,12.0,36.0,92.0,PM25,SEDANG
202506,6,15,DKI1 Bundaran Hotel Indonesia (HI),51.0,70.0,33.0,13.0,9.0,25.0,70.0,PM25,SEDANG
202506,6,16,DKI1 Bundaran Hotel Indonesia (HI),55.0,79.0,30.0,12.0,12.0,28.0,79.0,PM25,SEDANG
202506,6,17,DKI1 Bundaran Hotel Indonesia (HI),51.0,67.0,30.0,15.0,11.0,35.0,67.0,PM25,SEDANG
202506,6,18,DKI1 Bundaran Hotel Indonesia (HI),23.0,53.0,26.0,17.0,9.0,35.0,53.0,PM25,SEDANG
202506,6,19,DKI1 Bundaran Hotel Indonesia (HI),37.0,60.0,30.0,22.0,6.0,37.0,60.0,PM25,SEDANG
202506,6,20,DKI1 Bundaran Hotel Indonesia (HI),61.0,88.0,43.0,18.0,10.0,43.0,88.0,PM25,SEDANG
202506,6,21,DKI1 Bundaran Hotel Indonesia (HI),36.0,65.0,29.0,14.0,15.0,38.0,65.0,PM25,SEDANG
202506,6,22,DKI1 Bundaran Hotel Indonesia (HI),69.0,106.0,32.0,35.0,14.0,50.0,106.0,PM25,TIDAK SEHAT
202506,6,23,DKI1 Bundaran Hotel Indonesia (HI),53.0,82.0,28.0,12.0,14.0,26.0,82.0,PM25,SEDANG
202506,6,24,DKI1 Bundaran Hotel Indonesia (HI),57.0,101.0,31.0,14.0,11.0,34.0,101.0,PM25,TIDAK SEHAT
202506,6,25,DKI1 Bundaran Hotel Indonesia (HI),64.0,118.0,33.0,23.0,17.0,45.0,118.0,PM25,TIDAK SEHAT
202506,6,26,DKI1 Bundaran Hotel Indonesia (HI),64.0,114.0,35.0,21.0,17.0,52.0,114.0,PM25,TIDAK SEHAT
202506,6,27,DKI1 Bundaran Hotel Indonesia (HI),57.0,96.0,28.0,16.0,,36.0,96.0,PM25,SEDANG
202506,6,28,DKI1 Bundaran Hotel Indonesia (HI),66.0,115.0,26.0,15.0,21.0,34.0,115.0,PM25,TIDAK SEHAT
202506,6,29,DKI1 Bundaran Hotel Indonesia (HI),55.0,80.0,27.0,22.0,8.0,44.0,80.0,PM25,SEDANG
202506,6,30,DKI1 Bundaran Hotel Indonesia (HI),65.0,97.0,26.0,20.0,,40.0,97.0,PM25,SEDANG
202506,6,1,DKI2 Kelapa Gading,68.0,88.0,37.0,19.0,18.0,11.0,88.0,PM25,SEDANG
202506,6,2,DKI2 Kelapa Gading,78.0,105.0,38.0,20.0,19.0,14.0,105.0,PM25,TIDAK SEHAT
202506,6,3,DKI2 Kelapa Gading,57.0,78.0,35.0,15.0,20.0,12.0,78.0,PM25,SEDANG
202506,6,4,DKI2 Kelapa Gading,77.0,109.0,36.0,22.0,22.0,10.0,109.0,PM25,TIDAK SEHAT
202506,6,5,DKI2 Kelapa Gading,86.0,129.0,37.0,25.0,23.0,13.0,129.0,PM25,TIDAK SEHAT
202506,6,6,DKI2 Kelapa Gading,66.0,87.0,37.0,16.0,23.0,8.0,87.0,PM25,SEDANG
202506,6,7,DKI2 Kelapa Gading,84.0,129.0,37.0,24.0,23.0,10.0,129.0,PM25,TIDAK SEHAT
202506,6,8,DKI2 Kelapa Gading,68.0,99.0,36.0,19.0,27.0,9.0,99.0,PM25,SEDANG
202506,6,9,DKI2 Kelapa Gading,70.0,97.0,39.0,18.0,22.0,10.0,97.0,PM25,SEDANG
202506,6,10,DKI2 Kelapa Gading,65.0,87.0,38.0,15.0,19.0,9.0,87.0,PM25,SEDANG
202506,6,11,DKI2 Kelapa Gading,64.0,86.0,37.0,19.0,19.0,13.0,86.0,PM25,SEDANG
202506,6,12,DKI2 Kelapa Gading,66.0,93.0,39.0,16.0,18.0,13.0,93.0,PM25,SEDANG
202506,6,13,DKI2 Kelapa Gading,79.0,115.0,41.0,17.0,19.0,9.0,115.0,PM25,TIDAK SEHAT
202506,6,14,DKI2 Kelapa Gading,69.0,106.0,37.0,17.0,18.0,8.0,106.0,PM25,TIDAK SEHAT
202506,6,15,DKI2 Kelapa Gading,60.0,72.0,43.0,18.0,12.0,21.0,72.0,PM25,SEDANG
202506,6,16,DKI2 Kelapa Gading,60.0,86.0,37.0,15.0,20.0,12.0,86.0,PM25,SEDANG
202506,6,17,DKI2 Kelapa Gading,51.0,73.0,41.0,16.0,19.0,14.0,73.0,PM25,SEDANG
202506,6,18,DKI2 Kelapa Gading,35.0,57.0,34.0,17.0,16.0,7.0,57.0,PM25,SEDANG
202506,6,19,DKI2 Kelapa Gading,52.0,70.0,36.0,26.0,10.0,31.0,70.0,PM25,SEDANG
202506,6,20,DKI2 Kelapa Gading,71.0,95.0,49.0,21.0,13.0,20.0,95.0,PM25,SEDANG
202506,6,21,DKI2 Kelapa Gading,43.0,64.0,36.0,15.0,20.0,7.0,64.0,PM25,SEDANG
202506,6,22,DKI2 Kelapa Gading,71.0,104.0,40.0,27.0,18.0,16.0,104.0,PM25,TIDAK SEHAT
202506,6,23,DKI2 Kelapa Gading,53.0,74.0,34.0,12.0,24.0,12.0,74.0,PM25,SEDANG
202506,6,24,DKI2 Kelapa Gading,72.0,103.0,41.0,16.0,20.0,9.0,103.0,PM25,TIDAK SEHAT
202506,6,25,DKI2 Kelapa Gading,76.0,113.0,38.0,23.0,28.0,13.0,113.0,PM25,TIDAK SEHAT
202506,6,26,DKI2 Kelapa Gading,87.0,120.0,47.0,24.0,20.0,16.0,120.0,PM25,TIDAK SEHAT
202506,6,27,DKI2 Kelapa Gading,68.0,91.0,37.0,16.0,25.0,8.0,91.0,PM25,SEDANG
202506,6,28,DKI2 Kelapa Gading,72.0,107.0,37.0,18.0,28.0,7.0,107.0,PM25,TIDAK SEHAT
202506,6,29,DKI2 Kelapa Gading,58.0,78.0,35.0,25.0,12.0,,78.0,PM25,SEDANG
202506,6,30,DKI2 Kelapa Gading,68.0,99.0,39.0,23.0,15.0,10.0,99.0,PM25,SEDANG
202506,6,1,DKI3 Jagakarsa,49.0,80.0,33.0,10.0,22.0,23.0,80.0,PM25,SEDANG
202506,6,2,DKI3 Jagakarsa,68.0,98.0,38.0,14.0,22.0,40.0,98.0,PM25,SEDANG
202506,6,3,DKI3 Jagakarsa,56.0,89.0,36.0,14.0,26.0,50.0,89.0,PM25,SEDANG
202506,6,4,DKI3 Jagakarsa,93.0,133.0,33.0,26.0,21.0,59.0,133.0,PM25,TIDAK SEHAT
202506,6,5,DKI3 Jagakarsa,56.0,90.0,34.0,13.0,26.0,36.0,90.0,PM25,SEDANG
202506,6,6,DKI3 Jagakarsa,60.0,98.0,35.0,15.0,27.0,38.0,98.0,PM25,SEDANG
202506,6,7,DKI3 Jagakarsa,64.0,105.0,35.0,17.0,24.0,39.0,105.0,PM25,TIDAK SEHAT
202506,6,8,DKI3 Jagakarsa,55.0,82.0,35.0,14.0,24.0,39.0,82.0,PM25,SEDANG
202506,6,9,DKI3 Jagakarsa,59.0,99.0,39.0,15.0,27.0,49.0,99.0,PM25,SEDANG
202506,6,10,DKI3 Jagakarsa,58.0,95.0,41.0,12.0,25.0,40.0,95.0,PM25,SEDANG
202506,6,11,DKI3 Jagakarsa,,74.0,37.0,14.0,23.0,43.0,74.0,PM25,SEDANG
202506,6,12,DKI3 Jagakarsa,55.0,84.0,40.0,12.0,21.0,47.0,84.0,PM25,SEDANG
202506,6,13,DKI3 Jagakarsa,53.0,85.0,40.0,11.0,22.0,35.0,85.0,PM25,SEDANG
202506,6,14,DKI3 Jagakarsa,48.0,82.0,39.0,9.0,23.0,26.0,82.0,PM25,SEDANG
202506,6,15,DKI3 Jagakarsa,54.0,78.0,38.0,13.0,12.0,53.0,78.0,PM25,SEDANG
202506,6,16,DKI3 Jagakarsa,58.0,84.0,38.0,16.0,17.0,53.0,84.0,PM25,SEDANG
202506,6,17,DKI3 Jagakarsa,26.0,59.0,37.0,9.0,22.0,29.0,59.0,PM25,SEDANG
202506,6,18,DKI3 Jagakarsa,24.0,51.0,34.0,10.0,14.0,40.0,51.0,PM25,SEDANG
202506,6,19,DKI3 Jagakarsa,51.0,72.0,41.0,26.0,10.0,103.0,103.0,NO2,TIDAK SEHAT
202506,6,20,DKI3 Jagakarsa,69.0,96.0,44.0,22.0,18.0,83.0,96.0,PM25,SEDANG
202506,6,21,DKI3 Jagakarsa,32.0,61.0,38.0,10.0,22.0,34.0,61.0,PM25,SEDANG
202506,6,22,DKI3 Jagakarsa,59.0,88.0,41.0,20.0,20.0,60.0,88.0,PM25,SEDANG
202506,6,23,DKI3 Jagakarsa,51.0,74.0,41.0,8.0,22.0,26.0,74.0,PM25,SEDANG
202506,6,24,DKI3 Jagakarsa,63.0,90.0,43.0,14.0,17.0,53.0,90.0,PM25,SEDANG
202506,6,25,DKI3 Jagakarsa,65.0,97.0,40.0,18.0,21.0,61.0,97.0,PM25,SEDANG
202506,6,26,DKI3 Jagakarsa,52.0,72.0,40.0,17.0,20.0,65.0,72.0,PM25,SEDANG
202506,6,27,DKI3 Jagakarsa,59.0,91.0,42.0,13.0,23.0,42.0,91.0,PM25,SEDANG
202506,6,28,DKI3 Jagakarsa,69.0,103.0,43.0,16.0,25.0,44.0,103.0,PM25,TIDAK SEHAT
202506,6,29,DKI3 Jagakarsa,53.0,68.0,38.0,19.0,12.0,57.0,68.0,PM25,SEDANG
202506,6,30,DKI3 Jagakarsa,79.0,89.0,41.0,24.0,15.0,59.0,89.0,PM25,SEDANG
202506,6,1,DKI4 Lubang Buaya,64.0,105.0,21.0,14.0,28.0,16.0,105.0,PM25,TIDAK SEHAT
202506,6,2,DKI4 Lubang Buaya,85.0,127.0,23.0,14.0,28.0,18.0,127.0,PM25,TIDAK SEHAT
202506,6,3,DKI4 Lubang Buaya,68.0,101.0,22.0,11.0,27.0,23.0,101.0,PM25,TIDAK SEHAT
202506,6,4,DKI4 Lubang Buaya,83.0,124.0,21.0,20.0,24.0,22.0,124.0,PM25,TIDAK SEHAT
202506,6,5,DKI4 Lubang Buaya,88.0,139.0,23.0,19.0,25.0,32.0,139.0,PM25,TIDAK SEHAT
202506,6,6,DKI4 Lubang Buaya,68.0,96.0,21.0,14.0,27.0,29.0,96.0,PM25,SEDANG
202508,8,20,DKI5 Kebon Jeruk,56.0,,32.0,11.0,26.0,56.0,56.0,PM10,SEDANG
202508,8,21,DKI5 Kebon Jeruk,45.0,73.0,25.0,19.0,15.0,51.0,73.0,PM25,SEDANG
202508,8,5,DKI4 Lubang Buaya,61.0,78.0,25.0,26.0,15.0,24.0,78.0,PM25,SEDANG
202508,8,6,DKI4 Lubang Buaya,59.0,75.0,26.0,11.0,26.0,19.0,75.0,PM25,SEDANG
202508,8,7,DKI4 Lubang Buaya,66.0,90.0,27.0,11.0,28.0,17.0,90.0,PM25,SEDANG
202508,8,8,DKI4 Lubang Buaya,62.0,75.0,27.0,9.0,25.0,21.0,75.0,PM25,SEDANG
202508,8,9,DKI4 Lubang Buaya,67.0,91.0,28.0,11.0,26.0,18.0,91.0,PM25,SEDANG
202508,8,10,DKI4 Lubang Buaya,60.0,81.0,28.0,14.0,27.0,23.0,81.0,PM25,SEDANG
202508,8,11,DKI4 Lubang Buaya,61.0,72.0,26.0,12.0,27.0,20.0,72.0,PM25,SEDANG
202508,8,12,DKI4 Lubang Buaya,65.0,78.0,25.0,18.0,25.0,31.0,78.0,PM25,SEDANG
202508,8,13,DKI4 Lubang Buaya,64.0,73.0,28.0,28.0,18.0,35.0,73.0,PM25,SEDANG
202508,8,14,DKI4 Lubang Buaya,59.0,82.0,27.0,11.0,22.0,20.0,82.0,PM25,SEDANG
202508,8,15,DKI4 Lubang Buaya,60.0,74.0,,,,,74.0,PM25,SEDANG
202508,8,16,DKI4 Lubang Buaya,74.0,98.0,31.0,14.0,24.0,26.0,98.0,PM25,SEDANG
202508,8,17,DKI4 Lubang Buaya,73.0,92.0,28.0,10.0,28.0,14.0,92.0,PM25,SEDANG
202508,8,18,DKI4 Lubang Buaya,64.0,83.0,31.0,8.0,27.0,14.0,83.0,PM25,SEDANG
202508,8,19,DKI4 Lubang Buaya,56.0,63.0,26.0,12.0,15.0,20.0,63.0,PM25,SEDANG
202508,8,20,DKI4 Lubang Buaya,71.0,79.0,32.0,13.0,24.0,22.0,79.0,PM25,SEDANG
202508,8,21,DKI4 Lubang Buaya,54.0,57.0,26.0,14.0,16.0,20.0,57.0,PM25,SEDANG
202508,8,22,DKI4 Lubang Buaya,57.0,72.0,29.0,10.0,34.0,19.0,72.0,PM25,SEDANG
202508,8,23,DKI4 Lubang Buaya,72.0,86.0,31.0,12.0,25.0,19.0,86.0,PM25,SEDANG
202508,8,24,DKI4 Lubang Buaya,58.0,70.0,28.0,9.0,22.0,14.0,70.0,PM25,SEDANG
202508,8,25,DKI4 Lubang Buaya,79.0,99.0,28.0,14.0,25.0,25.0,99.0,PM25,SEDANG
202508,8,26,DKI4 Lubang Buaya,63.0,72.0,26.0,13.0,30.0,19.0,72.0,PM25,SEDANG
202508,8,27,DKI4 Lubang Buaya,68.0,90.0,29.0,12.0,27.0,21.0,90.0,PM25,SEDANG
202508,8,28,DKI4 Lubang Buaya,,60.0,28.0,7.0,28.0,16.0,60.0,PM25,SEDANG
202508,8,29,DKI4 Lubang Buaya,28.0,56.0,26.0,8.0,27.0,16.0,56.0,PM25,SEDANG
202508,8,30,DKI4 Lubang Buaya,38.0,61.0,28.0,9.0,22.0,20.0,61.0,PM25,SEDANG
202508,8,31,DKI4 Lubang Buaya,47.0,59.0,27.0,10.0,18.0,17.0,59.0,PM25,SEDANG
202508,8,1,DKI5 Kebon Jeruk,50.0,78.0,29.0,6.0,23.0,27.0,78.0,PM25,SEDANG
202508,8,2,DKI5 Kebon Jeruk,56.0,100.0,31.0,9.0,21.0,36.0,100.0,PM25,SEDANG
202508,8,3,DKI5 Kebon Jeruk,53.0,89.0,28.0,8.0,31.0,32.0,89.0,PM25,SEDANG
202508,8,4,DKI5 Kebon Jeruk,42.0,71.0,24.0,9.0,31.0,33.0,71.0,PM25,SEDANG
202508,8,5,DKI5 Kebon Jeruk,55.0,94.0,24.0,17.0,23.0,52.0,94.0,PM25,SEDANG
202508,8,6,DKI5 Kebon Jeruk,53.0,85.0,28.0,11.0,26.0,49.0,85.0,PM25,SEDANG
202508,8,7,DKI5 Kebon Jeruk,52.0,82.0,29.0,9.0,30.0,42.0,82.0,PM25,SEDANG
202508,8,8,DKI5 Kebon Jeruk,50.0,,24.0,9.0,37.0,34.0,50.0,PM10,BAIK
202508,8,9,DKI5 Kebon Jeruk,54.0,92.0,28.0,11.0,31.0,42.0,92.0,PM25,SEDANG
202508,8,10,DKI5 Kebon Jeruk,43.0,78.0,25.0,10.0,29.0,36.0,78.0,PM25,SEDANG
202508,8,11,DKI5 Kebon Jeruk,54.0,89.0,23.0,11.0,36.0,35.0,89.0,PM25,SEDANG
202508,8,12,DKI5 Kebon Jeruk,55.0,95.0,24.0,17.0,34.0,53.0,95.0,PM25,SEDANG
202508,8,13,DKI5 Kebon Jeruk,,87.0,26.0,22.0,21.0,59.0,87.0,PM25,SEDANG
202508,8,14,DKI5 Kebon Jeruk,49.0,79.0,25.0,10.0,23.0,42.0,79.0,PM25,SEDANG
202508,8,15,DKI5 Kebon Jeruk,56.0,98.0,26.0,15.0,28.0,50.0,98.0,PM25,SEDANG
202508,8,16,DKI5 Kebon Jeruk,59.0,102.0,27.0,12.0,22.0,48.0,102.0,PM25,TIDAK SEHAT
202508,8,17,DKI5 Kebon Jeruk,52.0,86.0,30.0,7.0,35.0,29.0,86.0,PM25,SEDANG
202508,8,18,DKI5 Kebon Jeruk,44.0,70.0,31.0,6.0,29.0,24.0,70.0,PM25,SEDANG
202508,8,22,DKI5 Kebon Jeruk,47.0,78.0,30.0,7.0,33.0,32.0,78.0,PM25,SEDANG
202508,8,23,DKI5 Kebon Jeruk,56.0,106.0,29.0,12.0,33.0,43.0,106.0,PM25,TIDAK SEHAT
202508,8,24,DKI5 Kebon Jeruk,43.0,79.0,27.0,10.0,28.0,33.0,79.0,PM25,SEDANG
202508,8,19,DKI5 Kebon Jeruk,46.0,70.0,24.0,11.0,19.0,46.0,70.0,PM25,SEDANG
202508,8,25,DKI5 Kebon Jeruk,67.0,,25.0,17.0,73.0,55.0,73.0,O3,SEDANG
202508,8,26,DKI5 Kebon Jeruk,60.0,103.0,23.0,17.0,92.0,51.0,103.0,PM25,TIDAK SEHAT
202508,8,27,DKI5 Kebon Jeruk,57.0,110.0,25.0,11.0,84.0,46.0,110.0,PM25,TIDAK SEHAT
202508,8,28,DKI5 Kebon Jeruk,32.0,68.0,25.0,7.0,31.0,28.0,68.0,PM25,SEDANG
202508,8,29,DKI5 Kebon Jeruk,27.0,60.0,24.0,6.0,37.0,27.0,60.0,PM25,SEDANG
202508,8,30,DKI5 Kebon Jeruk,38.0,72.0,26.0,9.0,30.0,40.0,72.0,PM25,SEDANG
202508,8,31,DKI5 Kebon Jeruk,37.0,65.0,25.0,9.0,21.0,34.0,65.0,PM25,SEDANG
202507,7,16,DKI4 Lubang Buaya,86.0,122.0,27.0,23.0,33.0,29.0,122.0,PM25,TIDAK SEHAT
202507,7,17,DKI4 Lubang Buaya,62.0,76.0,24.0,14.0,25.0,25.0,76.0,PM25,SEDANG
202507,7,18,DKI4 Lubang Buaya,72.0,100.0,25.0,14.0,27.0,28.0,100.0,PM25,SEDANG
202507,7,19,DKI4 Lubang Buaya,65.0,91.0,26.0,12.0,25.0,28.0,91.0,PM25,SEDANG
202507,7,20,DKI4 Lubang Buaya,68.0,102.0,27.0,12.0,33.0,21.0,102.0,PM25,TIDAK SEHAT
202507,7,21,DKI4 Lubang Buaya,70.0,104.0,28.0,12.0,29.0,24.0,104.0,PM25,TIDAK SEHAT
202507,7,22,DKI4 Lubang Buaya,70.0,102.0,28.0,11.0,29.0,19.0,102.0,PM25,TIDAK SEHAT
202507,7,23,DKI4 Lubang Buaya,76.0,110.0,27.0,12.0,29.0,22.0,110.0,PM25,TIDAK SEHAT
202507,7,24,DKI4 Lubang Buaya,82.0,118.0,27.0,15.0,27.0,24.0,118.0,PM25,TIDAK SEHAT
202507,7,25,DKI4 Lubang Buaya,80.0,119.0,28.0,13.0,28.0,20.0,119.0,PM25,TIDAK SEHAT
202507,7,26,DKI4 Lubang Buaya,74.0,104.0,28.0,10.0,26.0,17.0,104.0,PM25,TIDAK SEHAT
202507,7,27,DKI4 Lubang Buaya,86.0,117.0,29.0,12.0,26.0,17.0,117.0,PM25,TIDAK SEHAT
202507,7,28,DKI4 Lubang Buaya,68.0,96.0,,,,,96.0,PM25,SEDANG
202507,7,29,DKI4 Lubang Buaya,66.0,,26.0,16.0,23.0,28.0,66.0,PM10,SEDANG
202507,7,30,DKI4 Lubang Buaya,55.0,77.0,27.0,10.0,29.0,16.0,77.0,PM25,SEDANG
202507,7,31,DKI4 Lubang Buaya,54.0,78.0,27.0,8.0,22.0,15.0,78.0,PM25,SEDANG
202507,7,1,DKI5 Kebon Jeruk,12.0,49.0,21.0,6.0,29.0,23.0,49.0,PM25,BAIK
202507,7,2,DKI5 Kebon Jeruk,24.0,79.0,23.0,14.0,26.0,43.0,79.0,PM25,SEDANG
202507,7,3,DKI5 Kebon Jeruk,29.0,87.0,23.0,16.0,30.0,55.0,87.0,PM25,SEDANG
202507,7,4,DKI5 Kebon Jeruk,21.0,78.0,23.0,11.0,26.0,42.0,78.0,PM25,SEDANG
202507,7,5,DKI5 Kebon Jeruk,27.0,105.0,24.0,15.0,30.0,46.0,105.0,PM25,TIDAK SEHAT
202507,7,6,DKI5 Kebon Jeruk,18.0,61.0,22.0,7.0,38.0,23.0,61.0,PM25,SEDANG
202507,7,7,DKI5 Kebon Jeruk,35.0,69.0,23.0,12.0,21.0,37.0,69.0,PM25,SEDANG
202507,7,8,DKI5 Kebon Jeruk,23.0,61.0,22.0,9.0,31.0,41.0,61.0,PM25,SEDANG
202507,7,9,DKI5 Kebon Jeruk,21.0,86.0,23.0,9.0,30.0,33.0,86.0,PM25,SEDANG
202507,7,10,DKI5 Kebon Jeruk,28.0,84.0,23.0,12.0,25.0,38.0,84.0,PM25,SEDANG
202507,7,11,DKI5 Kebon Jeruk,52.0,87.0,30.0,9.0,33.0,36.0,87.0,PM25,SEDANG
202507,7,12,DKI5 Kebon Jeruk,70.0,132.0,27.0,16.0,33.0,51.0,132.0,PM25,TIDAK SEHAT
202507,7,13,DKI5 Kebon Jeruk,62.0,104.0,28.0,9.0,32.0,31.0,104.0,PM25,TIDAK SEHAT
202507,7,14,DKI5 Kebon Jeruk,50.0,77.0,26.0,9.0,37.0,36.0,77.0,PM25,SEDANG
202507,7,15,DKI5 Kebon Jeruk,64.0,115.0,25.0,12.0,30.0,42.0,115.0,PM25,TIDAK SEHAT
202507,7,16,DKI5 Kebon Jeruk,59.0,108.0,26.0,18.0,42.0,49.0,108.0,PM25,TIDAK SEHAT
202507,7,17,DKI5 Kebon Jeruk,,,,,,,0.0,,TIDAK ADA DATA
202507,7,18,DKI5 Kebon Jeruk,58.0,94.0,25.0,10.0,31.0,37.0,94.0,PM25,SEDANG
202507,7,19,DKI5 Kebon Jeruk,53.0,82.0,25.0,9.0,32.0,31.0,82.0,PM25,SEDANG
202507,7,20,DKI5 Kebon Jeruk,53.0,86.0,26.0,8.0,37.0,26.0,86.0,PM25,SEDANG
202507,7,21,DKI5 Kebon Jeruk,48.0,78.0,28.0,7.0,37.0,28.0,78.0,PM25,SEDANG
202507,7,22,DKI5 Kebon Jeruk,54.0,88.0,29.0,9.0,30.0,37.0,88.0,PM25,SEDANG
202507,7,23,DKI5 Kebon Jeruk,60.0,102.0,29.0,10.0,31.0,42.0,102.0,PM25,TIDAK SEHAT
202507,7,24,DKI5 Kebon Jeruk,65.0,112.0,29.0,12.0,30.0,44.0,112.0,PM25,TIDAK SEHAT
202507,7,25,DKI5 Kebon Jeruk,55.0,97.0,29.0,9.0,32.0,33.0,97.0,PM25,SEDANG
202507,7,26,DKI5 Kebon Jeruk,59.0,100.0,29.0,8.0,32.0,32.0,100.0,PM25,SEDANG
202507,7,27,DKI5 Kebon Jeruk,60.0,109.0,31.0,9.0,38.0,30.0,109.0,PM25,TIDAK SEHAT
202507,7,28,DKI5 Kebon Jeruk,54.0,83.0,24.0,10.0,35.0,30.0,83.0,PM25,SEDANG
202507,7,29,DKI5 Kebon Jeruk,59.0,87.0,25.0,15.0,26.0,48.0,87.0,PM25,SEDANG
202507,7,30,DKI5 Kebon Jeruk,46.0,73.0,25.0,9.0,27.0,33.0,73.0,PM25,SEDANG
202507,7,31,DKI5 Kebon Jeruk,47.0,71.0,25.0,8.0,22.0,31.0,71.0,PM25,SEDANG
202508,8,1,DKI1 Bundaran Hotel Indonesia HI,62.0,82.0,35.0,12.0,18.0,29.0,82.0,PM25,SEDANG
202508,8,2,DKI1 Bundaran Hotel Indonesia HI,53.0,94.0,41.0,14.0,16.0,34.0,94.0,PM25,SEDANG
202508,8,3,DKI1 Bundaran Hotel Indonesia HI,59.0,91.0,34.0,12.0,21.0,30.0,91.0,PM25,SEDANG
202508,8,4,DKI1 Bundaran Hotel Indonesia HI,50.0,76.0,32.0,15.0,22.0,35.0,76.0,PM25,SEDANG
202508,8,5,DKI1 Bundaran Hotel Indonesia HI,53.0,83.0,32.0,23.0,13.0,48.0,83.0,PM25,SEDANG
202508,8,6,DKI1 Bundaran Hotel Indonesia HI,54.0,87.0,34.0,17.0,11.0,46.0,87.0,PM25,SEDANG
202508,8,7,DKI1 Bundaran Hotel Indonesia HI,54.0,89.0,34.0,14.0,14.0,40.0,89.0,PM25,SEDANG
202508,8,8,DKI1 Bundaran Hotel Indonesia HI,55.0,84.0,28.0,17.0,13.0,39.0,84.0,PM25,SEDANG
202508,8,9,DKI1 Bundaran Hotel Indonesia HI,56.0,91.0,31.0,14.0,13.0,37.0,91.0,PM25,SEDANG
202508,8,10,DKI1 Bundaran Hotel Indonesia HI,52.0,82.0,31.0,18.0,18.0,36.0,82.0,PM25,SEDANG
202508,8,11,DKI1 Bundaran Hotel Indonesia HI,56.0,92.0,29.0,19.0,16.0,42.0,92.0,PM25,SEDANG
202508,8,12,DKI1 Bundaran Hotel Indonesia HI,61.0,102.0,27.0,30.0,12.0,53.0,102.0,PM25,TIDAK SEHAT
202508,8,13,DKI1 Bundaran Hotel Indonesia HI,54.0,89.0,30.0,28.0,10.0,50.0,89.0,PM25,SEDANG
202508,8,14,DKI1 Bundaran Hotel Indonesia HI,53.0,83.0,33.0,16.0,14.0,37.0,83.0,PM25,SEDANG
202508,8,15,DKI1 Bundaran Hotel Indonesia HI,52.0,84.0,35.0,19.0,16.0,46.0,84.0,PM25,SEDANG
202508,8,16,DKI1 Bundaran Hotel Indonesia HI,61.0,102.0,37.0,16.0,15.0,40.0,102.0,PM25,TIDAK SEHAT
202508,8,17,DKI1 Bundaran Hotel Indonesia HI,61.0,105.0,38.0,11.0,20.0,33.0,105.0,PM25,TIDAK SEHAT
202508,8,18,DKI1 Bundaran Hotel Indonesia HI,,,,,,,,,TIDAK ADA DATA
202508,8,19,DKI1 Bundaran Hotel Indonesia HI,44.0,78.0,30.0,16.0,9.0,32.0,78.0,PM25,SEDANG
202508,8,20,DKI1 Bundaran Hotel Indonesia HI,61.0,102.0,35.0,19.0,15.0,45.0,102.0,PM25,TIDAK SEHAT
202508,8,21,DKI1 Bundaran Hotel Indonesia HI,48.0,74.0,33.0,21.0,13.0,44.0,74.0,PM25,SEDANG
202508,8,22,DKI1 Bundaran Hotel Indonesia HI,56.0,91.0,36.0,15.0,24.0,46.0,91.0,PM25,SEDANG
202508,8,23,DKI1 Bundaran Hotel Indonesia HI,58.0,92.0,37.0,14.0,18.0,45.0,92.0,PM25,SEDANG
202508,8,24,DKI1 Bundaran Hotel Indonesia HI,50.0,86.0,37.0,13.0,15.0,33.0,86.0,PM25,SEDANG
202508,8,25,DKI1 Bundaran Hotel Indonesia HI,61.0,114.0,33.0,22.0,17.0,51.0,114.0,PM25,TIDAK SEHAT
202508,8,26,DKI1 Bundaran Hotel Indonesia HI,51.0,95.0,32.0,22.0,16.0,52.0,95.0,PM25,SEDANG
202508,8,27,DKI1 Bundaran Hotel Indonesia HI,55.0,92.0,35.0,16.0,18.0,42.0,92.0,PM25,SEDANG
202508,8,28,DKI1 Bundaran Hotel Indonesia HI,40.0,71.0,32.0,14.0,18.0,42.0,71.0,PM25,SEDANG
202508,8,29,DKI1 Bundaran Hotel Indonesia HI,36.0,67.0,30.0,14.0,26.0,37.0,67.0,PM25,SEDANG
202508,8,30,DKI1 Bundaran Hotel Indonesia HI,44.0,77.0,30.0,12.0,22.0,31.0,77.0,PM25,SEDANG
202508,8,31,DKI1 Bundaran Hotel Indonesia HI,42.0,70.0,29.0,12.0,15.0,24.0,70.0,PM25,SEDANG
202508,8,1,DKI2 Kelapa Gading,,76.0,44.0,14.0,23.0,14.0,76.0,PM25,SEDANG
202508,8,2,DKI2 Kelapa Gading,,92.0,50.0,16.0,20.0,17.0,92.0,PM25,SEDANG
202508,8,3,DKI2 Kelapa Gading,,87.0,43.0,15.0,24.0,13.0,87.0,PM25,SEDANG
202508,8,4,DKI2 Kelapa Gading,,73.0,40.0,18.0,21.0,10.0,73.0,PM25,SEDANG
202508,8,5,DKI2 Kelapa Gading,,92.0,42.0,27.0,16.0,23.0,92.0,PM25,SEDANG
202508,8,6,DKI2 Kelapa Gading,,88.0,45.0,18.0,19.0,16.0,88.0,PM25,SEDANG
202508,8,7,DKI2 Kelapa Gading,,93.0,43.0,16.0,21.0,16.0,93.0,PM25,SEDANG
202508,8,8,DKI2 Kelapa Gading,,73.0,37.0,15.0,22.0,14.0,73.0,PM25,SEDANG
202508,8,9,DKI2 Kelapa Gading,,90.0,44.0,15.0,21.0,17.0,90.0,PM25,SEDANG
202508,8,10,DKI2 Kelapa Gading,,84.0,41.0,22.0,21.0,16.0,84.0,PM25,SEDANG
202508,8,11,DKI2 Kelapa Gading,,89.0,41.0,17.0,24.0,12.0,89.0,PM25,SEDANG
202508,8,12,DKI2 Kelapa Gading,,104.0,50.0,25.0,19.0,17.0,104.0,PM25,TIDAK SEHAT
202508,8,13,DKI2 Kelapa Gading,,89.0,41.0,33.0,14.0,29.0,89.0,PM25,SEDANG
202508,8,14,DKI2 Kelapa Gading,,87.0,42.0,19.0,17.0,15.0,87.0,PM25,SEDANG
202508,8,15,DKI2 Kelapa Gading,,89.0,46.0,22.0,21.0,20.0,89.0,PM25,SEDANG
202508,8,16,DKI2 Kelapa Gading,,99.0,42.0,18.0,23.0,14.0,99.0,PM25,SEDANG
202508,8,17,DKI2 Kelapa Gading,,99.0,43.0,15.0,27.0,14.0,99.0,PM25,SEDANG
202508,8,18,DKI2 Kelapa Gading,,79.0,45.0,13.0,23.0,15.0,79.0,PM25,SEDANG
202508,8,19,DKI2 Kelapa Gading,,65.0,38.0,17.0,12.0,21.0,65.0,PM25,SEDANG
202508,8,20,DKI2 Kelapa Gading,,97.0,44.0,22.0,19.0,11.0,97.0,PM25,SEDANG
202508,8,21,DKI2 Kelapa Gading,,86.0,52.0,26.0,18.0,35.0,86.0,PM25,SEDANG
202508,8,22,DKI2 Kelapa Gading,,88.0,45.0,17.0,29.0,13.0,88.0,PM25,SEDANG
202508,8,23,DKI2 Kelapa Gading,,93.0,50.0,16.0,24.0,16.0,93.0,PM25,SEDANG
202508,8,24,DKI2 Kelapa Gading,,76.0,47.0,14.0,19.0,19.0,76.0,PM25,SEDANG
202508,8,25,DKI2 Kelapa Gading,,111.0,50.0,21.0,20.0,13.0,111.0,PM25,TIDAK SEHAT
202508,8,26,DKI2 Kelapa Gading,,100.0,50.0,22.0,26.0,18.0,100.0,PM25,SEDANG
202508,8,27,DKI2 Kelapa Gading,,96.0,43.0,17.0,24.0,20.0,96.0,PM25,SEDANG
202508,8,28,DKI2 Kelapa Gading,,66.0,40.0,15.0,26.0,13.0,66.0,PM25,SEDANG
202508,8,29,DKI2 Kelapa Gading,,67.0,38.0,16.0,28.0,14.0,67.0,PM25,SEDANG
202508,8,30,DKI2 Kelapa Gading,,66.0,41.0,15.0,22.0,16.0,66.0,PM25,SEDANG
202508,8,31,DKI2 Kelapa Gading,,72.0,45.0,16.0,21.0,16.0,72.0,PM25,SEDANG
202508,8,1,DKI3 Jagakarsa,48.0,65.0,54.0,9.0,26.0,43.0,65.0,PM25,SEDANG
202508,8,2,DKI3 Jagakarsa,55.0,74.0,54.0,12.0,24.0,55.0,74.0,PM25,SEDANG
202508,8,3,DKI3 Jagakarsa,54.0,71.0,51.0,11.0,25.0,41.0,71.0,PM25,SEDANG
202508,8,4,DKI3 Jagakarsa,36.0,53.0,50.0,10.0,25.0,36.0,53.0,PM25,SEDANG
202508,8,5,DKI3 Jagakarsa,40.0,52.0,50.0,16.0,18.0,64.0,64.0,NO2,SEDANG
202508,8,6,DKI3 Jagakarsa,50.0,52.0,50.0,15.0,28.0,56.0,56.0,NO2,SEDANG
202508,8,7,DKI3 Jagakarsa,62.0,63.0,51.0,17.0,23.0,71.0,71.0,NO2,SEDANG
202508,8,8,DKI3 Jagakarsa,48.0,51.0,51.0,10.0,23.0,53.0,53.0,NO2,SEDANG
202508,8,9,DKI3 Jagakarsa,56.0,60.0,53.0,15.0,22.0,64.0,64.0,NO2,SEDANG
202508,8,10,DKI3 Jagakarsa,33.0,50.0,52.0,11.0,23.0,47.0,52.0,SO2,SEDANG
202508,8,11,DKI3 Jagakarsa,40.0,53.0,51.0,12.0,25.0,44.0,53.0,PM25,SEDANG
202508,8,12,DKI3 Jagakarsa,54.0,56.0,50.0,17.0,21.0,54.0,56.0,PM25,SEDANG
202508,8,13,DKI3 Jagakarsa,47.0,57.0,52.0,21.0,18.0,70.0,70.0,NO2,SEDANG
202508,8,14,DKI3 Jagakarsa,44.0,59.0,51.0,11.0,19.0,40.0,59.0,PM25,SEDANG
202508,8,15,DKI3 Jagakarsa,38.0,57.0,54.0,10.0,24.0,39.0,57.0,PM25,SEDANG
202508,8,16,DKI3 Jagakarsa,56.0,71.0,54.0,14.0,23.0,63.0,71.0,PM25,SEDANG
202508,8,17,DKI3 Jagakarsa,55.0,65.0,54.0,10.0,27.0,37.0,65.0,PM25,SEDANG
202508,8,18,DKI3 Jagakarsa,50.0,64.0,55.0,8.0,25.0,30.0,64.0,PM25,SEDANG
202508,8,19,DKI3 Jagakarsa,47.0,58.0,51.0,13.0,14.0,64.0,64.0,NO2,SEDANG
202508,8,20,DKI3 Jagakarsa,61.0,107.0,55.0,15.0,24.0,60.0,107.0,PM25,TIDAK SEHAT
202508,8,21,DKI3 Jagakarsa,39.0,70.0,52.0,21.0,12.0,99.0,99.0,NO2,SEDANG
202508,8,22,DKI3 Jagakarsa,43.0,73.0,54.0,9.0,21.0,34.0,73.0,PM25,SEDANG
202508,8,23,DKI3 Jagakarsa,61.0,103.0,54.0,18.0,20.0,80.0,103.0,PM25,TIDAK SEHAT
202508,8,24,DKI3 Jagakarsa,44.0,82.0,53.0,13.0,19.0,57.0,82.0,PM25,SEDANG
202508,8,25,DKI3 Jagakarsa,59.0,101.0,52.0,17.0,26.0,64.0,101.0,PM25,TIDAK SEHAT
202508,8,26,DKI3 Jagakarsa,49.0,79.0,52.0,17.0,25.0,72.0,79.0,PM25,SEDANG
202508,8,27,DKI3 Jagakarsa,65.0,110.0,53.0,15.0,24.0,61.0,110.0,PM25,TIDAK SEHAT
202508,8,28,DKI3 Jagakarsa,23.0,64.0,53.0,7.0,21.0,44.0,64.0,PM25,SEDANG
202508,8,29,DKI3 Jagakarsa,26.0,62.0,53.0,8.0,25.0,41.0,62.0,PM25,SEDANG
202508,8,30,DKI3 Jagakarsa,21.0,59.0,53.0,8.0,23.0,46.0,59.0,PM25,SEDANG
202508,8,31,DKI3 Jagakarsa,28.0,60.0,53.0,8.0,19.0,39.0,60.0,PM25,SEDANG
202508,8,1,DKI4 Lubang Buaya,63.0,89.0,30.0,7.0,28.0,16.0,89.0,PM25,SEDANG
202508,8,2,DKI4 Lubang Buaya,73.0,105.0,31.0,11.0,25.0,21.0,105.0,PM25,TIDAK SEHAT
202508,8,3,DKI4 Lubang Buaya,,,,,,,,,TIDAK ADA DATA
202508,8,4,DKI4 Lubang Buaya,63.0,84.0,27.0,14.0,26.0,26.0,84.0,PM25,SEDANG
